--
-- PostgreSQL database dump
--

-- Dumped from database version 17.7 (178558d)
-- Dumped by pg_dump version 17.5

SET statement_timeout = 0;

SET lock_timeout = 0;

SET idle_in_transaction_session_timeout = 0;

SET transaction_timeout = 0;

SET client_encoding = 'UTF8';

SET standard_conforming_strings = on;

SELECT pg_catalog.set_config ('search_path', '', false);

SET check_function_bodies = false;

SET xmloption = content;

SET client_min_messages = warning;

SET row_security = off;

--
-- Data for Name: _prisma_migrations; Type: TABLE DATA; Schema: public; Owner: neondb_owner
--


COPY public._prisma_migrations (id, checksum, finished_at, migration_name, logs, rolled_back_at, started_at, applied_steps_count) FROM stdin;
d6ee3935-9ddb-47dd-b86f-cbb5f3ab6669	7f73356c9d38287b513fa1f4b0c663c5ebecb87f9b55c519fdd644fdb0d167bc	2025-11-05 15:24:58.114356+00	20251023224903_add_contact_to_professional	\N	\N	2025-11-05 15:24:58.00356+00	1
1fd6a65a-ce80-44ce-9988-7201702eabe0	fe83c0813169fd4ac7586d7cdc9ffd5442398d9f8d0f077b8ce4d044477ec5a6	2025-11-05 15:24:58.208029+00	20251024011725_add_professional_id_to_events	\N	\N	2025-11-05 15:24:58.139323+00	1
e67c5776-ab50-42c8-8189-2c3aee7b5389	a3fc4478e94d5f9d9eb870a509dad14bd6eae8276f6eae9cdc6012b1853b30cb	2025-11-05 15:24:58.298203+00	20251024122847_update_files_field	\N	\N	2025-11-05 15:24:58.233852+00	1
8831755b-0934-4a9b-a40c-a405f044c9fc	ea060fe0041708e3dff9d64d7a97b9d74d0e324fb49ee61096b63eb7f60cdbc9	2025-11-05 15:24:58.392431+00	20251024144337_update_files_to_jsonb	\N	\N	2025-11-05 15:24:58.323152+00	1
730f1ace-3c63-49ad-97aa-fb936131dd54	32a281d3d9c38d9a2ee284dbc6e0818412005ef867af8d2031ea141c00051b49	2025-11-05 15:24:58.490752+00	20251024233744_date_to_string	\N	\N	2025-11-05 15:24:58.416843+00	1
d70e68c1-f067-4d3d-9141-0ff53bceb68e	7e05acacf9d6107973905feee69f60e7e5d51046f5b69b7a7ca39bc4ad71ec14	2025-11-05 15:24:58.58934+00	20251027012122_rename_event_types	\N	\N	2025-11-05 15:24:58.515208+00	1
ab21cc7f-58f5-410f-97df-a855c999903b	771b1d5785c4d8fc1f4f3ee7bf92deeefe1b9768a70b8ee02c58240fba943937	2025-11-05 15:24:58.701522+00	20251027155258_add_notifications	\N	\N	2025-11-05 15:24:58.615873+00	1
15bc4377-f782-4ac3-a025-fd8fcb84d5e1	5a187dac3b20cab9598e8a9b1ee0161efc5b8bec730c3e465a0bc21d6d12e1e1	2025-11-05 15:24:58.790756+00	20251028233856_add_cpf_telefone_to_user	\N	\N	2025-11-05 15:24:58.727082+00	1
25e59c03-ce66-4162-871e-043a713fa228	7cbf2311b6f54ceaee6ad0056d940994ee09d218a2dfb107d6bc8db0706011cb	2025-11-05 15:24:58.910279+00	20251030120823_add_report_tracking	\N	\N	2025-11-05 15:24:58.814966+00	1
4fb851ed-afa3-4916-ab75-5ba9ddbac0e3	6772a365cd23f1414782aa3bc727ad35cf9cd3fc01284cfcd8ceb47cc0b494dd	2025-11-05 15:24:58.998999+00	20251101115652_add_documento_to_notifications	\N	\N	2025-11-05 15:24:58.934809+00	1
541d4668-9cbd-4dd1-aa03-ba5c9d61f377	ff7d3b64e0ee107f5520730d7e9c47d509bb90e29ee8d54038a77c09f03b8b8d	2025-11-05 15:24:59.0899+00	20251102185841_add_observation_to_health_event	\N	\N	2025-11-05 15:24:59.024946+00	1
\.

--
-- Data for Name: users; Type: TABLE DATA; Schema: public; Owner: neondb_owner
--


COPY public.users (id, email, password, name, "createdAt", "updatedAt", cpf, telefone, role) FROM stdin;
cmhm5pg040000hp2kfw9er1et	labor@omni.com	$2b$10$HvM4qqkzQenIraf1WWku/uayH1DjYsIOJz1prstKnCcoabreYQ4C2	Laboratório Omni	2025-11-05 15:32:30.917	2025-11-05 15:32:30.917	\N	\N	EMISSOR
cmhm74o460000kz04vzwnik8s	user@omni.com	$2b$10$S4ysNfxdJ4XJDQnkEqEk5.tcMOqvpI9liWf1y9NL3XjArETgxArm2	RONALDO FILARDO	2025-11-05 16:12:20.887	2025-11-05 16:12:20.887	123.456.789-01	(41) 99241-5220	RECEPTOR
cmhnr3hic0000kw04elwc8euv	teste@omni.com	$2b$10$dsCxh4gJYt64i60dWuwDmu.J7iuE5n4VN9HXiPIQqu.Pbxximl9KW	RONALDO FILARDO	2025-11-06 18:19:04.162	2025-11-06 18:19:04.162	875.457.729-21	(41) 99241-5220	RECEPTOR
cmhow36xm0004jm04vymri0v1	teste01@omni.com	$2b$10$JIhQIEJjmFC8xMlUI/YhwOTTM9pljU6ps5oj7C6XfdNyUKJF6gc1S	Teste Lab Gral	2025-11-07 13:26:34.715	2025-11-07 13:26:34.715	123.456.789-02	(41) 99241-5220	RECEPTOR
\.

--
-- Data for Name: emissor_info; Type: TABLE DATA; Schema: public; Owner: neondb_owner
--


COPY public.emissor_info (id, "userId", "clinicName", cnpj, address, contact) FROM stdin;
cmhm5pg040001hp2kstu7e44e	cmhm5pg040000hp2kfw9er1et	Laboratório Omni	12.345.678/0001-99	Rua Principal, 123	(11) 99999-9999
\.

--
-- Data for Name: professionals; Type: TABLE DATA; Schema: public; Owner: neondb_owner
--


COPY public.professionals (id, name, specialty, address, contact, "userId") FROM stdin;
cmi3ggxz80001jo04qaicx0ud	Laudo	A ser definido	\N	\N	cmhm74o460000kz04vzwnik8s
cmifw7nkv0001l104cmbs7e6r	Doc12	A ser definido	\N	\N	cmhm74o460000kz04vzwnik8s
cmi5bcglz0001l7047f236i10	Ronaldo	Cardio	Rua da Paz, 55		cmhm74o460000kz04vzwnik8s
\.

--
-- Data for Name: notifications; Type: TABLE DATA; Schema: public; Owner: neondb_owner
--


COPY public.notifications (id, "userId", type, payload, status, "createdAt", "updatedAt", documento) FROM stdin;
cmhm75l6g0003i3044fb7o749	cmhm74o460000kz04vzwnik8s	LAB_RESULT	{"report": {"fileName": "Solicitacao.jpg", "fileContent": "/9j/4AAQSkZJRgABAQEAYABgAAD/2wBDAAIBAQIBAQICAgICAgICAwUDAwMDAwYEBAMFBwYHBwcGBwcICQsJCAgKCAcHCg0KCgsMDAwMBwkODw0MDgsMDAz/2wBDAQICAgMDAwYDAwYMCAcIDAwMDAwMDAwMDAwMDAwMDAwMDAwMDAwMDAwMDAwMDAwMDAwMDAwMDAwMDAwMDAwMDAz/wAARCAAbAEwDASIAAhEBAxEB/8QAHwAAAQUBAQEBAQEAAAAAAAAAAAECAwQFBgcICQoL/8QAtRAAAgEDAwIEAwUFBAQAAAF9AQIDAAQRBRIhMUEGE1FhByJxFDKBkaEII0KxwRVS0fAkM2JyggkKFhcYGRolJicoKSo0NTY3ODk6Q0RFRkdISUpTVFVWV1hZWmNkZWZnaGlqc3R1dnd4eXqDhIWGh4iJipKTlJWWl5iZmqKjpKWmp6ipqrKztLW2t7i5usLDxMXGx8jJytLT1NXW19jZ2uHi4+Tl5ufo6erx8vP09fb3+Pn6/8QAHwEAAwEBAQEBAQEBAQAAAAAAAAECAwQFBgcICQoL/8QAtREAAgECBAQDBAcFBAQAAQJ3AAECAxEEBSExBhJBUQdhcRMiMoEIFEKRobHBCSMzUvAVYnLRChYkNOEl8RcYGRomJygpKjU2Nzg5OkNERUZHSElKU1RVVldYWVpjZGVmZ2hpanN0dXZ3eHl6goOEhYaHiImKkpOUlZaXmJmaoqOkpaanqKmqsrO0tba3uLm6wsPExcbHyMnK0tPU1dbX2Nna4uPk5ebn6Onq8vP09fb3+Pn6/9oADAMBAAIRAxEAPwD96KK4b9o7xXr/AIJ+EGq6l4bgkm1O2CEGOETPDHuG+RUPDFVyeQQOpGAa5T4c/tD6VbeAJ9cl8WXnjO3vb6G0sbRdMit9UhmkGBbOqFI2bIJDbUXhvmYYNbqm2uZGPMr2PZKK8U+LP7RlymjWkWim/wBB1qy8SWWm6pZXtvC00cUwc4yDJGVcDIZGJ46irfgz9omCymvrO6udb8TareeIrvTNPsotPt7aZREAzIp80IY0B/1kjKxz0p+yla4cyvY9gorxnxL+0NPp/jGzuYYPEtvEPD93qUnh670uG2eVoScs80jh0IA6IGUjkEngvsf2toNF+F2i6/4h0DWLd9TtDdSPbrAlsAOmySSYKzNztiDGUhSdgGMnspBzI9jorzp/2ltIvL0w6RpPiPxD5Nnb3102m2iymzjnwY9yM6uzFSGKxq5AyccGub8UfHl/BXxktrHUdX1mDTL3UIoY7eXR7eGNlkj2osZeRblkEhJeVYnXcFUFMHclTkw5ke01fsv+PZfx/nXlln+0xoV5ewt9i1mPRrjUjpEWsvDH9ikuRwEGH80At8ocxhc9+9ep2X/Hsv4/zqJxa3Li09jmvGujanrugvBpGsyaFf7leO6W1juVGDyrRuMMpHXBU+hFeZXX7JS6lqOq6zPrVvF4l1DVLbVorqz00Q2ltLADt/cGRi+7c5cmTJJB4xz7l9ii/u/qaPsUX939TTjVcdhOF9zxHXP2VpPFFzc6jqHiBJNb1DWbPVbq4i0/y4ClsrLHBHEZCVGG5ZnY5HSk0/8AZUk0HXE1nT/EKQ61ba5d6vbTS6f5kCpcqFeB4xKpcYUYYOv0r2/7FF/d/U0fYov7v6mn7eQvZo8fvv2dr3xF4otdW1rxPJqd1Hot3o9wf7PSDzhPu+ddjAIFDYCkMTjlq5af9jPUZrG0i/4S2y8y10R9AWRtD3lLZjndGGnOyUgupYZBDH5R1r6J+xRf3f1NH2KL+7+ppqvJbB7NHzdqHwu8SfBjxno1p4P1C5kfxFbWWm6zcro8swtVgAjF1ExBgjOwEMsrnqCA2eNXX/2QLjV/FV/fReKI47bUNag1yVJtKWW5aWLpGZhIv7vl8KEGNw64598+xRf3f1NH2KL+7+po9uw9mjxSy/ZZ+zWlroz66JPCVlrJ1qGwFgFuvMyWWJp95BjDkniMMRxu717XZf8AHsv4/wA6PsUX939TUiII1CqMAVnObluVGNj/2Q=="}, "examDate": "2025-11-01", "reportId": "cmhm75l570001i304s971o7fc", "doctorName": "Ronaldo"}	ARCHIVED	2025-11-05 16:13:03.736	2025-11-05 16:13:13.576	1
cmhm799c3000di30496b2ipz7	cmhm74o460000kz04vzwnik8s	LAB_RESULT	{"report": {"fileName": "Atestado.jpg", "fileContent": "/9j/4AAQSkZJRgABAQAAAQABAAD/4gHYSUNDX1BST0ZJTEUAAQEAAAHIAAAAAAQwAABtbnRyUkdCIFhZWiAH4AABAAEAAAAAAABhY3NwAAAAAAAAAAAAAAAAAAAAAAAAAAAAAAAAAAAAAQAA9tYAAQAAAADTLQAAAAAAAAAAAAAAAAAAAAAAAAAAAAAAAAAAAAAAAAAAAAAAAAAAAAAAAAAAAAAAAAAAAAlkZXNjAAAA8AAAACRyWFlaAAABFAAAABRnWFlaAAABKAAAABRiWFlaAAABPAAAABR3dHB0AAABUAAAABRyVFJDAAABZAAAAChnVFJDAAABZAAAAChiVFJDAAABZAAAAChjcHJ0AAABjAAAADxtbHVjAAAAAAAAAAEAAAAMZW5VUwAAAAgAAAAcAHMAUgBHAEJYWVogAAAAAAAAb6IAADj1AAADkFhZWiAAAAAAAABimQAAt4UAABjaWFlaIAAAAAAAACSgAAAPhAAAts9YWVogAAAAAAAA9tYAAQAAAADTLXBhcmEAAAAAAAQAAAACZmYAAPKnAAANWQAAE9AAAApbAAAAAAAAAABtbHVjAAAAAAAAAAEAAAAMZW5VUwAAACAAAAAcAEcAbwBvAGcAbABlACAASQBuAGMALgAgADIAMAAxADb/2wBDAAMCAgICAgMCAgIDAwMDBAYEBAQEBAgGBgUGCQgKCgkICQkKDA8MCgsOCwkJDRENDg8QEBEQCgwSExIQEw8QEBD/2wBDAQMDAwQDBAgEBAgQCwkLEBAQEBAQEBAQEBAQEBAQEBAQEBAQEBAQEBAQEBAQEBAQEBAQEBAQEBAQEBAQEBAQEBD/wAARCAAZAEsDASIAAhEBAxEB/8QAHAABAAEFAQEAAAAAAAAAAAAAAAgBAgQGBwUJ/8QALxAAAQQBAwEECgMBAAAAAAAAAQIDBAUABgcREhMhMXEUFRYiIzJBYZHwNTeB8f/EABUBAQEAAAAAAAAAAAAAAAAAAAAB/8QAFhEBAQEAAAAAAAAAAAAAAAAAABEB/9oADAMBAAIRAxEAPwD6Na03HqdFS4NY9U3NtYWCVrYhVUMyHihHzLI5ACR555+id5NK621LY6Nag3FNe1jTT7tdbw/Rn1tuAlK0DkhQ4B8Dz9sw9Qf3tpPjn+In+H+Zq+/222lA7D3Ojt2sTUbVpXNiVDupsZtQS50jrYbdSyshKlJ5Ugngkc8YHb/3zx3ZY++1GZckvuBDTSC44onuSkDkn8ZFnTl/q326stbTKPU1DB3BRMr49wqRCUwktg+glhvtnFpWelYBcZSCF/U8YXMSpyv74ZEGLuluhFrtI09Pu7TMsO1/ai01HcxmF2k0SOhcYkQXg8UjuLTZZd7+ergZ6tzuVri2u9V6ZO7MxmWmFOcTFoWoahVhlsKBcS8wmXEVzz7zodQscdKknJSJUZjvWVdHmx62RPjNS5fUY7C3Uhx4JHKuhPirgd54HcMirc7260pb7StfSblRJsRMGnWtmwmREO3CZCfiutpTFWuV0kcKW27HDZ46gsnnLV7hahsNZ1F4jXSrvVcCPerf00WYo9SrQhSUJ7NttLw9wJVw8pRVzyOAcpEtPpjOSbJ61sdS21nBj7g+3NQxDjP+tuyip9HlrHxIvVFbbbPT49JSVo44USc6354Rqms9uKnWkuFZv21zU2FelaGJlVMMd4IX8yCeCCk+Wa67sNUzZMJ253A13ax4UtqYIc267Rh5bZ5SHE9AJTz9ARnTcYDux9v+YxgV/OUxjAY4/eBjGAxjGB//2Q=="}, "examDate": "2025-12-01", "reportId": "cmhm799bv000bi3042sgbdz21", "doctorName": "Ronlaod "}	ARCHIVED	2025-11-05 16:15:55.011	2025-11-05 16:16:18.378	2
cmhm80svs0003k004sdpftgsw	cmhm74o460000kz04vzwnik8s	LAB_RESULT	{"report": {"fileName": "Atestado.jpg", "fileContent": "/9j/4AAQSkZJRgABAQAAAQABAAD/4gHYSUNDX1BST0ZJTEUAAQEAAAHIAAAAAAQwAABtbnRyUkdCIFhZWiAH4AABAAEAAAAAAABhY3NwAAAAAAAAAAAAAAAAAAAAAAAAAAAAAAAAAAAAAQAA9tYAAQAAAADTLQAAAAAAAAAAAAAAAAAAAAAAAAAAAAAAAAAAAAAAAAAAAAAAAAAAAAAAAAAAAAAAAAAAAAlkZXNjAAAA8AAAACRyWFlaAAABFAAAABRnWFlaAAABKAAAABRiWFlaAAABPAAAABR3dHB0AAABUAAAABRyVFJDAAABZAAAAChnVFJDAAABZAAAAChiVFJDAAABZAAAAChjcHJ0AAABjAAAADxtbHVjAAAAAAAAAAEAAAAMZW5VUwAAAAgAAAAcAHMAUgBHAEJYWVogAAAAAAAAb6IAADj1AAADkFhZWiAAAAAAAABimQAAt4UAABjaWFlaIAAAAAAAACSgAAAPhAAAts9YWVogAAAAAAAA9tYAAQAAAADTLXBhcmEAAAAAAAQAAAACZmYAAPKnAAANWQAAE9AAAApbAAAAAAAAAABtbHVjAAAAAAAAAAEAAAAMZW5VUwAAACAAAAAcAEcAbwBvAGcAbABlACAASQBuAGMALgAgADIAMAAxADb/2wBDAAMCAgICAgMCAgIDAwMDBAYEBAQEBAgGBgUGCQgKCgkICQkKDA8MCgsOCwkJDRENDg8QEBEQCgwSExIQEw8QEBD/2wBDAQMDAwQDBAgEBAgQCwkLEBAQEBAQEBAQEBAQEBAQEBAQEBAQEBAQEBAQEBAQEBAQEBAQEBAQEBAQEBAQEBAQEBD/wAARCAAZAEsDASIAAhEBAxEB/8QAHAABAAEFAQEAAAAAAAAAAAAAAAgBAgQGBwUJ/8QALxAAAQQBAwEECgMBAAAAAAAAAQIDBAUABgcREhMhMXEUFRYiIzJBYZHwNTeB8f/EABUBAQEAAAAAAAAAAAAAAAAAAAAB/8QAFhEBAQEAAAAAAAAAAAAAAAAAABEB/9oADAMBAAIRAxEAPwD6Na03HqdFS4NY9U3NtYWCVrYhVUMyHihHzLI5ACR555+id5NK621LY6Nag3FNe1jTT7tdbw/Rn1tuAlK0DkhQ4B8Dz9sw9Qf3tpPjn+In+H+Zq+/222lA7D3Ojt2sTUbVpXNiVDupsZtQS50jrYbdSyshKlJ5Ugngkc8YHb/3zx3ZY++1GZckvuBDTSC44onuSkDkn8ZFnTl/q326stbTKPU1DB3BRMr49wqRCUwktg+glhvtnFpWelYBcZSCF/U8YXMSpyv74ZEGLuluhFrtI09Pu7TMsO1/ai01HcxmF2k0SOhcYkQXg8UjuLTZZd7+ergZ6tzuVri2u9V6ZO7MxmWmFOcTFoWoahVhlsKBcS8wmXEVzz7zodQscdKknJSJUZjvWVdHmx62RPjNS5fUY7C3Uhx4JHKuhPirgd54HcMirc7260pb7StfSblRJsRMGnWtmwmREO3CZCfiutpTFWuV0kcKW27HDZ46gsnnLV7hahsNZ1F4jXSrvVcCPerf00WYo9SrQhSUJ7NttLw9wJVw8pRVzyOAcpEtPpjOSbJ61sdS21nBj7g+3NQxDjP+tuyip9HlrHxIvVFbbbPT49JSVo44USc6354Rqms9uKnWkuFZv21zU2FelaGJlVMMd4IX8yCeCCk+Wa67sNUzZMJ253A13ax4UtqYIc267Rh5bZ5SHE9AJTz9ARnTcYDux9v+YxgV/OUxjAY4/eBjGAxjGB//2Q=="}, "examDate": "2025-12-12", "reportId": "cmhm80sui0001k004abie2vf4", "doctorName": "Ronl Fil"}	ARCHIVED	2025-11-05 16:37:20.057	2025-11-05 16:38:02.098	321
cmhmb5rkm0003jo04enjg4mwm	cmhm74o460000kz04vzwnik8s	LAB_RESULT	{"report": {"fileName": "Laudo-Resultado.jpg", "fileContent": "/9j/4AAQSkZJRgABAQAAAQABAAD/4gHYSUNDX1BST0ZJTEUAAQEAAAHIAAAAAAQwAABtbnRyUkdCIFhZWiAH4AABAAEAAAAAAABhY3NwAAAAAAAAAAAAAAAAAAAAAAAAAAAAAAAAAAAAAQAA9tYAAQAAAADTLQAAAAAAAAAAAAAAAAAAAAAAAAAAAAAAAAAAAAAAAAAAAAAAAAAAAAAAAAAAAAAAAAAAAAlkZXNjAAAA8AAAACRyWFlaAAABFAAAABRnWFlaAAABKAAAABRiWFlaAAABPAAAABR3dHB0AAABUAAAABRyVFJDAAABZAAAAChnVFJDAAABZAAAAChiVFJDAAABZAAAAChjcHJ0AAABjAAAADxtbHVjAAAAAAAAAAEAAAAMZW5VUwAAAAgAAAAcAHMAUgBHAEJYWVogAAAAAAAAb6IAADj1AAADkFhZWiAAAAAAAABimQAAt4UAABjaWFlaIAAAAAAAACSgAAAPhAAAts9YWVogAAAAAAAA9tYAAQAAAADTLXBhcmEAAAAAAAQAAAACZmYAAPKnAAANWQAAE9AAAApbAAAAAAAAAABtbHVjAAAAAAAAAAEAAAAMZW5VUwAAACAAAAAcAEcAbwBvAGcAbABlACAASQBuAGMALgAgADIAMAAxADb/2wBDAAMCAgICAgMCAgIDAwMDBAYEBAQEBAgGBgUGCQgKCgkICQkKDA8MCgsOCwkJDRENDg8QEBEQCgwSExIQEw8QEBD/2wBDAQMDAwQDBAgEBAgQCwkLEBAQEBAQEBAQEBAQEBAQEBAQEBAQEBAQEBAQEBAQEBAQEBAQEBAQEBAQEBAQEBAQEBD/wAARCAAZAHgDASIAAhEBAxEB/8QAHQAAAwACAgMAAAAAAAAAAAAAAAYHAgUBAwQICf/EADAQAAEDBAEDAwMEAAcAAAAAAAECAwQABQYREgcTIQgVMRQiQSMyUWEWM0JicZGx/8QAFQEBAQAAAAAAAAAAAAAAAAAAAAH/xAAWEQEBAQAAAAAAAAAAAAAAAAAAEQH/2gAMAwEAAhEDEQA/APqKpSUgqUQABsk/ivEbvFpecSyzdIi3FHSUJfSST/AG6V+ssh+L0uyR+M6tpxMJWloUQobIB0R8eKnmXenu23/CrDM6cRIFkyOHIhXJuY4+82HOCdqSpSORHIn+D8UXMq7UUidFspybLMGZnZgiF7tEkvwJK4ZUWnVNK48xyAI381mjMLwrrU5gZLHtaca91Gkfqd/6lLf7t/t4k+NUSHiio9cvUrjNqzefhMuyzO9DTJ4PJdbPdWw33FjhvkkEfBPgmtvdeuFst6kxY2PT5k6RHtzkOKhxtJkOTP8AKaClHSSPyToUFKoqEYf1vyNCr5bbjil1u16autwkG3IkMJXAt7CWQrayQlYCnPASSTyplyfqpNft8a44U6yWP8PSMhfXIa5cWu3+igjY0ruKSSP4SqhFSor1nw/1OP220m/5RlcDKrd7JCmSXbfAEMwrlIcaQ1CVtSgefcWQoka7Zpvb9TlmmWW33S24hcpTs2XIiLYD7SEtKZCFK06ohDhIWkpCSSfOvg0FpoqcSOstrXFuIYtc5tyLf28aClcQfqHI7LyXdb8JAkJBHztJ8UkYd17yKBZWk5Ri8mbFg4qi+vXUS2uclwrKePb8cfPjZ/8AKLF+oqN2T1HW/LrK25imJzrheXrnJtXtzcpkcFsx0PuOd4q7ZQG3EHwfJPH5rWYd1+lQsHiT71YrpeF2u1pu2RT0LaR7fHcffShSkkguEJYcJSgEgI/sURd6K4SpK0haTsEbBHwQaKBf6hY7KyzCrxjkJ1Db8+MpptS/2hXgjf8A1Shb711xt1vjW9PTWzuCMyhnn7ykcuKQN61+dVUKKLmwj9HMZv8Ai+Fph5RHYj3OXMkzZDDDvdQyXFkhAX+dDXn+6zyTpXbshy5nOGMnyCzXVqD7cpdskttpdY7gc4qC217+4DyNU60URMz6f8NXefeJNzvshvuyZCYLktJjJdfa7TrgSEA8lJ/3fPkAVhD9PmJRIsplzIMklSXkxEMTH5qFPw/pTtgsqDYCSj8bB/vdU+igmLXp+xSOyoxMhyVia89Idk3BuagSZKXwgOtLV29FCu2k6AB2PBFby2dLbBboN6tncdVEu8Rm3BtH2GPDabKENJPneuSjy/JPn4pyooECf0QwqdGjx+VxjGLbYttbdjyAleoxSqO8TxO3mynaVfjavB3XXfeillyW1RrVecryeSGUuNPPLmoUuW24QVIdSW+Ch9qdEJBGvB8ndDooJu70Gw5d7bvDFxvcdhEtif7c1LSIipLLaWkOqSUFRVwbQk/d/pFEvoHhUuEzbvq7wywzaRZwlqUkcmQsOIWSUn9RCgCD8fyDVIootTNjoHjMaO8WMkyZu5P3Ry7ruwmo+sL7kZEdwcu3x4KabQCOP42NeKxHp6wdEJi2R597YhCEi3TozcxIRc4yHFrS1J2jagC66PtKTpahv+KdRRAAANJHgeP+KKKKD//Z"}, "examDate": "2025-12-21", "reportId": "cmhmb5riq0001jo04qexsgx5j", "doctorName": "ronaldo"}	ARCHIVED	2025-11-05 18:05:10.486	2025-11-05 18:05:41.719	5432
cmhmbevti0005i8046ddm1z9u	cmhm74o460000kz04vzwnik8s	LAB_RESULT	{"report": {"fileName": "Laudo-Resultado.jpg", "fileContent": "/9j/4AAQSkZJRgABAQAAAQABAAD/4gHYSUNDX1BST0ZJTEUAAQEAAAHIAAAAAAQwAABtbnRyUkdCIFhZWiAH4AABAAEAAAAAAABhY3NwAAAAAAAAAAAAAAAAAAAAAAAAAAAAAAAAAAAAAQAA9tYAAQAAAADTLQAAAAAAAAAAAAAAAAAAAAAAAAAAAAAAAAAAAAAAAAAAAAAAAAAAAAAAAAAAAAAAAAAAAAlkZXNjAAAA8AAAACRyWFlaAAABFAAAABRnWFlaAAABKAAAABRiWFlaAAABPAAAABR3dHB0AAABUAAAABRyVFJDAAABZAAAAChnVFJDAAABZAAAAChiVFJDAAABZAAAAChjcHJ0AAABjAAAADxtbHVjAAAAAAAAAAEAAAAMZW5VUwAAAAgAAAAcAHMAUgBHAEJYWVogAAAAAAAAb6IAADj1AAADkFhZWiAAAAAAAABimQAAt4UAABjaWFlaIAAAAAAAACSgAAAPhAAAts9YWVogAAAAAAAA9tYAAQAAAADTLXBhcmEAAAAAAAQAAAACZmYAAPKnAAANWQAAE9AAAApbAAAAAAAAAABtbHVjAAAAAAAAAAEAAAAMZW5VUwAAACAAAAAcAEcAbwBvAGcAbABlACAASQBuAGMALgAgADIAMAAxADb/2wBDAAMCAgICAgMCAgIDAwMDBAYEBAQEBAgGBgUGCQgKCgkICQkKDA8MCgsOCwkJDRENDg8QEBEQCgwSExIQEw8QEBD/2wBDAQMDAwQDBAgEBAgQCwkLEBAQEBAQEBAQEBAQEBAQEBAQEBAQEBAQEBAQEBAQEBAQEBAQEBAQEBAQEBAQEBAQEBD/wAARCAAZAHgDASIAAhEBAxEB/8QAHQAAAwACAgMAAAAAAAAAAAAAAAYHAgUBAwQICf/EADAQAAEDBAEDAwMEAAcAAAAAAAECAwQABQYREgcTIQgVMRQiQSMyUWEWM0JicZGx/8QAFQEBAQAAAAAAAAAAAAAAAAAAAAH/xAAWEQEBAQAAAAAAAAAAAAAAAAAAEQH/2gAMAwEAAhEDEQA/APqKpSUgqUQABsk/ivEbvFpecSyzdIi3FHSUJfSST/AG6V+ssh+L0uyR+M6tpxMJWloUQobIB0R8eKnmXenu23/CrDM6cRIFkyOHIhXJuY4+82HOCdqSpSORHIn+D8UXMq7UUidFspybLMGZnZgiF7tEkvwJK4ZUWnVNK48xyAI381mjMLwrrU5gZLHtaca91Gkfqd/6lLf7t/t4k+NUSHiio9cvUrjNqzefhMuyzO9DTJ4PJdbPdWw33FjhvkkEfBPgmtvdeuFst6kxY2PT5k6RHtzkOKhxtJkOTP8AKaClHSSPyToUFKoqEYf1vyNCr5bbjil1u16autwkG3IkMJXAt7CWQrayQlYCnPASSTyplyfqpNft8a44U6yWP8PSMhfXIa5cWu3+igjY0ruKSSP4SqhFSor1nw/1OP220m/5RlcDKrd7JCmSXbfAEMwrlIcaQ1CVtSgefcWQoka7Zpvb9TlmmWW33S24hcpTs2XIiLYD7SEtKZCFK06ohDhIWkpCSSfOvg0FpoqcSOstrXFuIYtc5tyLf28aClcQfqHI7LyXdb8JAkJBHztJ8UkYd17yKBZWk5Ri8mbFg4qi+vXUS2uclwrKePb8cfPjZ/8AKLF+oqN2T1HW/LrK25imJzrheXrnJtXtzcpkcFsx0PuOd4q7ZQG3EHwfJPH5rWYd1+lQsHiT71YrpeF2u1pu2RT0LaR7fHcffShSkkguEJYcJSgEgI/sURd6K4SpK0haTsEbBHwQaKBf6hY7KyzCrxjkJ1Db8+MpptS/2hXgjf8A1Shb711xt1vjW9PTWzuCMyhnn7ykcuKQN61+dVUKKLmwj9HMZv8Ai+Fph5RHYj3OXMkzZDDDvdQyXFkhAX+dDXn+6zyTpXbshy5nOGMnyCzXVqD7cpdskttpdY7gc4qC217+4DyNU60URMz6f8NXefeJNzvshvuyZCYLktJjJdfa7TrgSEA8lJ/3fPkAVhD9PmJRIsplzIMklSXkxEMTH5qFPw/pTtgsqDYCSj8bB/vdU+igmLXp+xSOyoxMhyVia89Idk3BuagSZKXwgOtLV29FCu2k6AB2PBFby2dLbBboN6tncdVEu8Rm3BtH2GPDabKENJPneuSjy/JPn4pyooECf0QwqdGjx+VxjGLbYttbdjyAleoxSqO8TxO3mynaVfjavB3XXfeillyW1RrVecryeSGUuNPPLmoUuW24QVIdSW+Ch9qdEJBGvB8ndDooJu70Gw5d7bvDFxvcdhEtif7c1LSIipLLaWkOqSUFRVwbQk/d/pFEvoHhUuEzbvq7wywzaRZwlqUkcmQsOIWSUn9RCgCD8fyDVIootTNjoHjMaO8WMkyZu5P3Ry7ruwmo+sL7kZEdwcu3x4KabQCOP42NeKxHp6wdEJi2R597YhCEi3TozcxIRc4yHFrS1J2jagC66PtKTpahv+KdRRAAANJHgeP+KKKKD//Z"}, "examDate": "2025-12-05", "reportId": "cmhmbevt00003i80413edhrcr", "doctorName": "Ronaldo Acesso"}	ARCHIVED	2025-11-05 18:12:15.895	2025-11-05 18:29:11.696	AS001
cmhmcd5ry0005kv041iga18k1	cmhm74o460000kz04vzwnik8s	LAB_RESULT	{"report": {"fileName": "Laudo-Resultado.jpg", "fileContent": "/9j/4AAQSkZJRgABAQAAAQABAAD/4gHYSUNDX1BST0ZJTEUAAQEAAAHIAAAAAAQwAABtbnRyUkdCIFhZWiAH4AABAAEAAAAAAABhY3NwAAAAAAAAAAAAAAAAAAAAAAAAAAAAAAAAAAAAAQAA9tYAAQAAAADTLQAAAAAAAAAAAAAAAAAAAAAAAAAAAAAAAAAAAAAAAAAAAAAAAAAAAAAAAAAAAAAAAAAAAAlkZXNjAAAA8AAAACRyWFlaAAABFAAAABRnWFlaAAABKAAAABRiWFlaAAABPAAAABR3dHB0AAABUAAAABRyVFJDAAABZAAAAChnVFJDAAABZAAAAChiVFJDAAABZAAAAChjcHJ0AAABjAAAADxtbHVjAAAAAAAAAAEAAAAMZW5VUwAAAAgAAAAcAHMAUgBHAEJYWVogAAAAAAAAb6IAADj1AAADkFhZWiAAAAAAAABimQAAt4UAABjaWFlaIAAAAAAAACSgAAAPhAAAts9YWVogAAAAAAAA9tYAAQAAAADTLXBhcmEAAAAAAAQAAAACZmYAAPKnAAANWQAAE9AAAApbAAAAAAAAAABtbHVjAAAAAAAAAAEAAAAMZW5VUwAAACAAAAAcAEcAbwBvAGcAbABlACAASQBuAGMALgAgADIAMAAxADb/2wBDAAMCAgICAgMCAgIDAwMDBAYEBAQEBAgGBgUGCQgKCgkICQkKDA8MCgsOCwkJDRENDg8QEBEQCgwSExIQEw8QEBD/2wBDAQMDAwQDBAgEBAgQCwkLEBAQEBAQEBAQEBAQEBAQEBAQEBAQEBAQEBAQEBAQEBAQEBAQEBAQEBAQEBAQEBAQEBD/wAARCAAZAHgDASIAAhEBAxEB/8QAHQAAAwACAgMAAAAAAAAAAAAAAAYHAgUBAwQICf/EADAQAAEDBAEDAwMEAAcAAAAAAAECAwQABQYREgcTIQgVMRQiQSMyUWEWM0JicZGx/8QAFQEBAQAAAAAAAAAAAAAAAAAAAAH/xAAWEQEBAQAAAAAAAAAAAAAAAAAAEQH/2gAMAwEAAhEDEQA/APqKpSUgqUQABsk/ivEbvFpecSyzdIi3FHSUJfSST/AG6V+ssh+L0uyR+M6tpxMJWloUQobIB0R8eKnmXenu23/CrDM6cRIFkyOHIhXJuY4+82HOCdqSpSORHIn+D8UXMq7UUidFspybLMGZnZgiF7tEkvwJK4ZUWnVNK48xyAI381mjMLwrrU5gZLHtaca91Gkfqd/6lLf7t/t4k+NUSHiio9cvUrjNqzefhMuyzO9DTJ4PJdbPdWw33FjhvkkEfBPgmtvdeuFst6kxY2PT5k6RHtzkOKhxtJkOTP8AKaClHSSPyToUFKoqEYf1vyNCr5bbjil1u16autwkG3IkMJXAt7CWQrayQlYCnPASSTyplyfqpNft8a44U6yWP8PSMhfXIa5cWu3+igjY0ruKSSP4SqhFSor1nw/1OP220m/5RlcDKrd7JCmSXbfAEMwrlIcaQ1CVtSgefcWQoka7Zpvb9TlmmWW33S24hcpTs2XIiLYD7SEtKZCFK06ohDhIWkpCSSfOvg0FpoqcSOstrXFuIYtc5tyLf28aClcQfqHI7LyXdb8JAkJBHztJ8UkYd17yKBZWk5Ri8mbFg4qi+vXUS2uclwrKePb8cfPjZ/8AKLF+oqN2T1HW/LrK25imJzrheXrnJtXtzcpkcFsx0PuOd4q7ZQG3EHwfJPH5rWYd1+lQsHiT71YrpeF2u1pu2RT0LaR7fHcffShSkkguEJYcJSgEgI/sURd6K4SpK0haTsEbBHwQaKBf6hY7KyzCrxjkJ1Db8+MpptS/2hXgjf8A1Shb711xt1vjW9PTWzuCMyhnn7ykcuKQN61+dVUKKLmwj9HMZv8Ai+Fph5RHYj3OXMkzZDDDvdQyXFkhAX+dDXn+6zyTpXbshy5nOGMnyCzXVqD7cpdskttpdY7gc4qC217+4DyNU60URMz6f8NXefeJNzvshvuyZCYLktJjJdfa7TrgSEA8lJ/3fPkAVhD9PmJRIsplzIMklSXkxEMTH5qFPw/pTtgsqDYCSj8bB/vdU+igmLXp+xSOyoxMhyVia89Idk3BuagSZKXwgOtLV29FCu2k6AB2PBFby2dLbBboN6tncdVEu8Rm3BtH2GPDabKENJPneuSjy/JPn4pyooECf0QwqdGjx+VxjGLbYttbdjyAleoxSqO8TxO3mynaVfjavB3XXfeillyW1RrVecryeSGUuNPPLmoUuW24QVIdSW+Ch9qdEJBGvB8ndDooJu70Gw5d7bvDFxvcdhEtif7c1LSIipLLaWkOqSUFRVwbQk/d/pFEvoHhUuEzbvq7wywzaRZwlqUkcmQsOIWSUn9RCgCD8fyDVIootTNjoHjMaO8WMkyZu5P3Ry7ruwmo+sL7kZEdwcu3x4KabQCOP42NeKxHp6wdEJi2R597YhCEi3TozcxIRc4yHFrS1J2jagC66PtKTpahv+KdRRAAANJHgeP+KKKKD//Z"}, "examDate": "2025-12-05", "reportId": "cmhmcd5rj0003kv04uhd3rnbb", "doctorName": "Ronaldo Acesso"}	ARCHIVED	2025-11-05 18:38:55.103	2025-11-05 18:39:25.241	AS0001
cmhmcqcgo0003ju04zzs10hfe	cmhm74o460000kz04vzwnik8s	LAB_RESULT	{"report": {"fileName": "Laudo-Resultado.jpg", "fileContent": "/9j/4AAQSkZJRgABAQAAAQABAAD/4gHYSUNDX1BST0ZJTEUAAQEAAAHIAAAAAAQwAABtbnRyUkdCIFhZWiAH4AABAAEAAAAAAABhY3NwAAAAAAAAAAAAAAAAAAAAAAAAAAAAAAAAAAAAAQAA9tYAAQAAAADTLQAAAAAAAAAAAAAAAAAAAAAAAAAAAAAAAAAAAAAAAAAAAAAAAAAAAAAAAAAAAAAAAAAAAAlkZXNjAAAA8AAAACRyWFlaAAABFAAAABRnWFlaAAABKAAAABRiWFlaAAABPAAAABR3dHB0AAABUAAAABRyVFJDAAABZAAAAChnVFJDAAABZAAAAChiVFJDAAABZAAAAChjcHJ0AAABjAAAADxtbHVjAAAAAAAAAAEAAAAMZW5VUwAAAAgAAAAcAHMAUgBHAEJYWVogAAAAAAAAb6IAADj1AAADkFhZWiAAAAAAAABimQAAt4UAABjaWFlaIAAAAAAAACSgAAAPhAAAts9YWVogAAAAAAAA9tYAAQAAAADTLXBhcmEAAAAAAAQAAAACZmYAAPKnAAANWQAAE9AAAApbAAAAAAAAAABtbHVjAAAAAAAAAAEAAAAMZW5VUwAAACAAAAAcAEcAbwBvAGcAbABlACAASQBuAGMALgAgADIAMAAxADb/2wBDAAMCAgICAgMCAgIDAwMDBAYEBAQEBAgGBgUGCQgKCgkICQkKDA8MCgsOCwkJDRENDg8QEBEQCgwSExIQEw8QEBD/2wBDAQMDAwQDBAgEBAgQCwkLEBAQEBAQEBAQEBAQEBAQEBAQEBAQEBAQEBAQEBAQEBAQEBAQEBAQEBAQEBAQEBAQEBD/wAARCAAZAHgDASIAAhEBAxEB/8QAHQAAAwACAgMAAAAAAAAAAAAAAAYHAgUBAwQICf/EADAQAAEDBAEDAwMEAAcAAAAAAAECAwQABQYREgcTIQgVMRQiQSMyUWEWM0JicZGx/8QAFQEBAQAAAAAAAAAAAAAAAAAAAAH/xAAWEQEBAQAAAAAAAAAAAAAAAAAAEQH/2gAMAwEAAhEDEQA/APqKpSUgqUQABsk/ivEbvFpecSyzdIi3FHSUJfSST/AG6V+ssh+L0uyR+M6tpxMJWloUQobIB0R8eKnmXenu23/CrDM6cRIFkyOHIhXJuY4+82HOCdqSpSORHIn+D8UXMq7UUidFspybLMGZnZgiF7tEkvwJK4ZUWnVNK48xyAI381mjMLwrrU5gZLHtaca91Gkfqd/6lLf7t/t4k+NUSHiio9cvUrjNqzefhMuyzO9DTJ4PJdbPdWw33FjhvkkEfBPgmtvdeuFst6kxY2PT5k6RHtzkOKhxtJkOTP8AKaClHSSPyToUFKoqEYf1vyNCr5bbjil1u16autwkG3IkMJXAt7CWQrayQlYCnPASSTyplyfqpNft8a44U6yWP8PSMhfXIa5cWu3+igjY0ruKSSP4SqhFSor1nw/1OP220m/5RlcDKrd7JCmSXbfAEMwrlIcaQ1CVtSgefcWQoka7Zpvb9TlmmWW33S24hcpTs2XIiLYD7SEtKZCFK06ohDhIWkpCSSfOvg0FpoqcSOstrXFuIYtc5tyLf28aClcQfqHI7LyXdb8JAkJBHztJ8UkYd17yKBZWk5Ri8mbFg4qi+vXUS2uclwrKePb8cfPjZ/8AKLF+oqN2T1HW/LrK25imJzrheXrnJtXtzcpkcFsx0PuOd4q7ZQG3EHwfJPH5rWYd1+lQsHiT71YrpeF2u1pu2RT0LaR7fHcffShSkkguEJYcJSgEgI/sURd6K4SpK0haTsEbBHwQaKBf6hY7KyzCrxjkJ1Db8+MpptS/2hXgjf8A1Shb711xt1vjW9PTWzuCMyhnn7ykcuKQN61+dVUKKLmwj9HMZv8Ai+Fph5RHYj3OXMkzZDDDvdQyXFkhAX+dDXn+6zyTpXbshy5nOGMnyCzXVqD7cpdskttpdY7gc4qC217+4DyNU60URMz6f8NXefeJNzvshvuyZCYLktJjJdfa7TrgSEA8lJ/3fPkAVhD9PmJRIsplzIMklSXkxEMTH5qFPw/pTtgsqDYCSj8bB/vdU+igmLXp+xSOyoxMhyVia89Idk3BuagSZKXwgOtLV29FCu2k6AB2PBFby2dLbBboN6tncdVEu8Rm3BtH2GPDabKENJPneuSjy/JPn4pyooECf0QwqdGjx+VxjGLbYttbdjyAleoxSqO8TxO3mynaVfjavB3XXfeillyW1RrVecryeSGUuNPPLmoUuW24QVIdSW+Ch9qdEJBGvB8ndDooJu70Gw5d7bvDFxvcdhEtif7c1LSIipLLaWkOqSUFRVwbQk/d/pFEvoHhUuEzbvq7wywzaRZwlqUkcmQsOIWSUn9RCgCD8fyDVIootTNjoHjMaO8WMkyZu5P3Ry7ruwmo+sL7kZEdwcu3x4KabQCOP42NeKxHp6wdEJi2R597YhCEi3TozcxIRc4yHFrS1J2jagC66PtKTpahv+KdRRAAANJHgeP+KKKKD//Z"}, "examDate": "2025-12-01", "reportId": "cmhmcqcg10001ju043prbzauc", "doctorName": "Ronaldo"}	READ	2025-11-05 18:49:10.296	2025-11-05 18:52:44.899	001AS
cmhmd1us30003k104kvseiybb	cmhm74o460000kz04vzwnik8s	LAB_RESULT	{"report": {"fileName": "Laudo-Resultado.jpg", "fileContent": "/9j/4AAQSkZJRgABAQAAAQABAAD/4gHYSUNDX1BST0ZJTEUAAQEAAAHIAAAAAAQwAABtbnRyUkdCIFhZWiAH4AABAAEAAAAAAABhY3NwAAAAAAAAAAAAAAAAAAAAAAAAAAAAAAAAAAAAAQAA9tYAAQAAAADTLQAAAAAAAAAAAAAAAAAAAAAAAAAAAAAAAAAAAAAAAAAAAAAAAAAAAAAAAAAAAAAAAAAAAAlkZXNjAAAA8AAAACRyWFlaAAABFAAAABRnWFlaAAABKAAAABRiWFlaAAABPAAAABR3dHB0AAABUAAAABRyVFJDAAABZAAAAChnVFJDAAABZAAAAChiVFJDAAABZAAAAChjcHJ0AAABjAAAADxtbHVjAAAAAAAAAAEAAAAMZW5VUwAAAAgAAAAcAHMAUgBHAEJYWVogAAAAAAAAb6IAADj1AAADkFhZWiAAAAAAAABimQAAt4UAABjaWFlaIAAAAAAAACSgAAAPhAAAts9YWVogAAAAAAAA9tYAAQAAAADTLXBhcmEAAAAAAAQAAAACZmYAAPKnAAANWQAAE9AAAApbAAAAAAAAAABtbHVjAAAAAAAAAAEAAAAMZW5VUwAAACAAAAAcAEcAbwBvAGcAbABlACAASQBuAGMALgAgADIAMAAxADb/2wBDAAMCAgICAgMCAgIDAwMDBAYEBAQEBAgGBgUGCQgKCgkICQkKDA8MCgsOCwkJDRENDg8QEBEQCgwSExIQEw8QEBD/2wBDAQMDAwQDBAgEBAgQCwkLEBAQEBAQEBAQEBAQEBAQEBAQEBAQEBAQEBAQEBAQEBAQEBAQEBAQEBAQEBAQEBAQEBD/wAARCAAZAHgDASIAAhEBAxEB/8QAHQAAAwACAgMAAAAAAAAAAAAAAAYHAgUBAwQICf/EADAQAAEDBAEDAwMEAAcAAAAAAAECAwQABQYREgcTIQgVMRQiQSMyUWEWM0JicZGx/8QAFQEBAQAAAAAAAAAAAAAAAAAAAAH/xAAWEQEBAQAAAAAAAAAAAAAAAAAAEQH/2gAMAwEAAhEDEQA/APqKpSUgqUQABsk/ivEbvFpecSyzdIi3FHSUJfSST/AG6V+ssh+L0uyR+M6tpxMJWloUQobIB0R8eKnmXenu23/CrDM6cRIFkyOHIhXJuY4+82HOCdqSpSORHIn+D8UXMq7UUidFspybLMGZnZgiF7tEkvwJK4ZUWnVNK48xyAI381mjMLwrrU5gZLHtaca91Gkfqd/6lLf7t/t4k+NUSHiio9cvUrjNqzefhMuyzO9DTJ4PJdbPdWw33FjhvkkEfBPgmtvdeuFst6kxY2PT5k6RHtzkOKhxtJkOTP8AKaClHSSPyToUFKoqEYf1vyNCr5bbjil1u16autwkG3IkMJXAt7CWQrayQlYCnPASSTyplyfqpNft8a44U6yWP8PSMhfXIa5cWu3+igjY0ruKSSP4SqhFSor1nw/1OP220m/5RlcDKrd7JCmSXbfAEMwrlIcaQ1CVtSgefcWQoka7Zpvb9TlmmWW33S24hcpTs2XIiLYD7SEtKZCFK06ohDhIWkpCSSfOvg0FpoqcSOstrXFuIYtc5tyLf28aClcQfqHI7LyXdb8JAkJBHztJ8UkYd17yKBZWk5Ri8mbFg4qi+vXUS2uclwrKePb8cfPjZ/8AKLF+oqN2T1HW/LrK25imJzrheXrnJtXtzcpkcFsx0PuOd4q7ZQG3EHwfJPH5rWYd1+lQsHiT71YrpeF2u1pu2RT0LaR7fHcffShSkkguEJYcJSgEgI/sURd6K4SpK0haTsEbBHwQaKBf6hY7KyzCrxjkJ1Db8+MpptS/2hXgjf8A1Shb711xt1vjW9PTWzuCMyhnn7ykcuKQN61+dVUKKLmwj9HMZv8Ai+Fph5RHYj3OXMkzZDDDvdQyXFkhAX+dDXn+6zyTpXbshy5nOGMnyCzXVqD7cpdskttpdY7gc4qC217+4DyNU60URMz6f8NXefeJNzvshvuyZCYLktJjJdfa7TrgSEA8lJ/3fPkAVhD9PmJRIsplzIMklSXkxEMTH5qFPw/pTtgsqDYCSj8bB/vdU+igmLXp+xSOyoxMhyVia89Idk3BuagSZKXwgOtLV29FCu2k6AB2PBFby2dLbBboN6tncdVEu8Rm3BtH2GPDabKENJPneuSjy/JPn4pyooECf0QwqdGjx+VxjGLbYttbdjyAleoxSqO8TxO3mynaVfjavB3XXfeillyW1RrVecryeSGUuNPPLmoUuW24QVIdSW+Ch9qdEJBGvB8ndDooJu70Gw5d7bvDFxvcdhEtif7c1LSIipLLaWkOqSUFRVwbQk/d/pFEvoHhUuEzbvq7wywzaRZwlqUkcmQsOIWSUn9RCgCD8fyDVIootTNjoHjMaO8WMkyZu5P3Ry7ruwmo+sL7kZEdwcu3x4KabQCOP42NeKxHp6wdEJi2R597YhCEi3TozcxIRc4yHFrS1J2jagC66PtKTpahv+KdRRAAANJHgeP+KKKKD//Z"}, "examDate": "2025-12-25", "reportId": "cmhmd1uru0001k104xpgbocfd", "doctorName": "Ronaldo Acesso"}	READ	2025-11-05 18:58:07.252	2025-11-05 19:01:13.351	AS002
cmhme2pii0003l404vpso7gpe	cmhm74o460000kz04vzwnik8s	LAB_RESULT	{"report": {"fileName": "Laudo-Resultado.jpg", "fileContent": "/9j/4AAQSkZJRgABAQAAAQABAAD/4gHYSUNDX1BST0ZJTEUAAQEAAAHIAAAAAAQwAABtbnRyUkdCIFhZWiAH4AABAAEAAAAAAABhY3NwAAAAAAAAAAAAAAAAAAAAAAAAAAAAAAAAAAAAAQAA9tYAAQAAAADTLQAAAAAAAAAAAAAAAAAAAAAAAAAAAAAAAAAAAAAAAAAAAAAAAAAAAAAAAAAAAAAAAAAAAAlkZXNjAAAA8AAAACRyWFlaAAABFAAAABRnWFlaAAABKAAAABRiWFlaAAABPAAAABR3dHB0AAABUAAAABRyVFJDAAABZAAAAChnVFJDAAABZAAAAChiVFJDAAABZAAAAChjcHJ0AAABjAAAADxtbHVjAAAAAAAAAAEAAAAMZW5VUwAAAAgAAAAcAHMAUgBHAEJYWVogAAAAAAAAb6IAADj1AAADkFhZWiAAAAAAAABimQAAt4UAABjaWFlaIAAAAAAAACSgAAAPhAAAts9YWVogAAAAAAAA9tYAAQAAAADTLXBhcmEAAAAAAAQAAAACZmYAAPKnAAANWQAAE9AAAApbAAAAAAAAAABtbHVjAAAAAAAAAAEAAAAMZW5VUwAAACAAAAAcAEcAbwBvAGcAbABlACAASQBuAGMALgAgADIAMAAxADb/2wBDAAMCAgICAgMCAgIDAwMDBAYEBAQEBAgGBgUGCQgKCgkICQkKDA8MCgsOCwkJDRENDg8QEBEQCgwSExIQEw8QEBD/2wBDAQMDAwQDBAgEBAgQCwkLEBAQEBAQEBAQEBAQEBAQEBAQEBAQEBAQEBAQEBAQEBAQEBAQEBAQEBAQEBAQEBAQEBD/wAARCAAZAHgDASIAAhEBAxEB/8QAHQAAAwACAgMAAAAAAAAAAAAAAAYHAgUBAwQICf/EADAQAAEDBAEDAwMEAAcAAAAAAAECAwQABQYREgcTIQgVMRQiQSMyUWEWM0JicZGx/8QAFQEBAQAAAAAAAAAAAAAAAAAAAAH/xAAWEQEBAQAAAAAAAAAAAAAAAAAAEQH/2gAMAwEAAhEDEQA/APqKpSUgqUQABsk/ivEbvFpecSyzdIi3FHSUJfSST/AG6V+ssh+L0uyR+M6tpxMJWloUQobIB0R8eKnmXenu23/CrDM6cRIFkyOHIhXJuY4+82HOCdqSpSORHIn+D8UXMq7UUidFspybLMGZnZgiF7tEkvwJK4ZUWnVNK48xyAI381mjMLwrrU5gZLHtaca91Gkfqd/6lLf7t/t4k+NUSHiio9cvUrjNqzefhMuyzO9DTJ4PJdbPdWw33FjhvkkEfBPgmtvdeuFst6kxY2PT5k6RHtzkOKhxtJkOTP8AKaClHSSPyToUFKoqEYf1vyNCr5bbjil1u16autwkG3IkMJXAt7CWQrayQlYCnPASSTyplyfqpNft8a44U6yWP8PSMhfXIa5cWu3+igjY0ruKSSP4SqhFSor1nw/1OP220m/5RlcDKrd7JCmSXbfAEMwrlIcaQ1CVtSgefcWQoka7Zpvb9TlmmWW33S24hcpTs2XIiLYD7SEtKZCFK06ohDhIWkpCSSfOvg0FpoqcSOstrXFuIYtc5tyLf28aClcQfqHI7LyXdb8JAkJBHztJ8UkYd17yKBZWk5Ri8mbFg4qi+vXUS2uclwrKePb8cfPjZ/8AKLF+oqN2T1HW/LrK25imJzrheXrnJtXtzcpkcFsx0PuOd4q7ZQG3EHwfJPH5rWYd1+lQsHiT71YrpeF2u1pu2RT0LaR7fHcffShSkkguEJYcJSgEgI/sURd6K4SpK0haTsEbBHwQaKBf6hY7KyzCrxjkJ1Db8+MpptS/2hXgjf8A1Shb711xt1vjW9PTWzuCMyhnn7ykcuKQN61+dVUKKLmwj9HMZv8Ai+Fph5RHYj3OXMkzZDDDvdQyXFkhAX+dDXn+6zyTpXbshy5nOGMnyCzXVqD7cpdskttpdY7gc4qC217+4DyNU60URMz6f8NXefeJNzvshvuyZCYLktJjJdfa7TrgSEA8lJ/3fPkAVhD9PmJRIsplzIMklSXkxEMTH5qFPw/pTtgsqDYCSj8bB/vdU+igmLXp+xSOyoxMhyVia89Idk3BuagSZKXwgOtLV29FCu2k6AB2PBFby2dLbBboN6tncdVEu8Rm3BtH2GPDabKENJPneuSjy/JPn4pyooECf0QwqdGjx+VxjGLbYttbdjyAleoxSqO8TxO3mynaVfjavB3XXfeillyW1RrVecryeSGUuNPPLmoUuW24QVIdSW+Ch9qdEJBGvB8ndDooJu70Gw5d7bvDFxvcdhEtif7c1LSIipLLaWkOqSUFRVwbQk/d/pFEvoHhUuEzbvq7wywzaRZwlqUkcmQsOIWSUn9RCgCD8fyDVIootTNjoHjMaO8WMkyZu5P3Ry7ruwmo+sL7kZEdwcu3x4KabQCOP42NeKxHp6wdEJi2R597YhCEi3TozcxIRc4yHFrS1J2jagC66PtKTpahv+KdRRAAANJHgeP+KKKKD//Z"}, "examDate": "2025-12-05", "reportId": "cmhme2pgu0001l404yxd9nphu", "doctorName": "Ronaldo"}	READ	2025-11-05 19:26:46.698	2025-11-05 19:28:02.848	AS003
cmhmuk9060003jv04ers2hhl3	cmhm74o460000kz04vzwnik8s	LAB_RESULT	{"report": {"fileName": "NotaFiscal.jpg", "fileContent": "/9j/4AAQSkZJRgABAQAAAQABAAD/4gHYSUNDX1BST0ZJTEUAAQEAAAHIAAAAAAQwAABtbnRyUkdCIFhZWiAH4AABAAEAAAAAAABhY3NwAAAAAAAAAAAAAAAAAAAAAAAAAAAAAAAAAAAAAQAA9tYAAQAAAADTLQAAAAAAAAAAAAAAAAAAAAAAAAAAAAAAAAAAAAAAAAAAAAAAAAAAAAAAAAAAAAAAAAAAAAlkZXNjAAAA8AAAACRyWFlaAAABFAAAABRnWFlaAAABKAAAABRiWFlaAAABPAAAABR3dHB0AAABUAAAABRyVFJDAAABZAAAAChnVFJDAAABZAAAAChiVFJDAAABZAAAAChjcHJ0AAABjAAAADxtbHVjAAAAAAAAAAEAAAAMZW5VUwAAAAgAAAAcAHMAUgBHAEJYWVogAAAAAAAAb6IAADj1AAADkFhZWiAAAAAAAABimQAAt4UAABjaWFlaIAAAAAAAACSgAAAPhAAAts9YWVogAAAAAAAA9tYAAQAAAADTLXBhcmEAAAAAAAQAAAACZmYAAPKnAAANWQAAE9AAAApbAAAAAAAAAABtbHVjAAAAAAAAAAEAAAAMZW5VUwAAACAAAAAcAEcAbwBvAGcAbABlACAASQBuAGMALgAgADIAMAAxADb/2wBDAAMCAgICAgMCAgIDAwMDBAYEBAQEBAgGBgUGCQgKCgkICQkKDA8MCgsOCwkJDRENDg8QEBEQCgwSExIQEw8QEBD/2wBDAQMDAwQDBAgEBAgQCwkLEBAQEBAQEBAQEBAQEBAQEBAQEBAQEBAQEBAQEBAQEBAQEBAQEBAQEBAQEBAQEBAQEBD/wAARCAAZAFQDASIAAhEBAxEB/8QAHAAAAgIDAQEAAAAAAAAAAAAAAAYHCAEDBQIJ/8QAMRAAAQQBBAIBAgMHBQAAAAAAAQIDBAURAAYHEhMhMSJBFBUjCBYXJDJhgVFTcaHB/8QAFQEBAQAAAAAAAAAAAAAAAAAAAAH/xAAVEQEBAAAAAAAAAAAAAAAAAAAAEf/aAAwDAQACEQMRAD8A+m1vf0W32USb65g1rTiuiHJchDKVK/0BUQCdeafcm3txIdcoL2vs0sEJdVDkoeCCfgK6k4/zqPt6VNVd81bSr7mtiT4v5XOX4JTKXW+wxg9VAjP98Z0lcg8b3XFe/P4wca31LSw7OTXV9hSijUUyGwS2QHG5DaEg9+3tpSsgYUPjUFh9GufuOVIgbftJsRzo9GhPutqwD1WlBIOPg+x99Vp2l+0NvhiDs6s35YpTbfr2FmpiK0Ba1oZU426hPXCSCkpUEYwoAZ96qxabWdQFu7n/AJHp9rSLCDsLb7Fk9AiXFYJF088w7CekIaPl6x0qQ8AsHoMp957kjqe81zxOTyhG4+mbNCYr8s1qrKO/JeQiWG+xSVfhhHxnIwX/AC/GW0/GhEvaNQbY33I9xzvd7VrbfejVFVtV60ppUUYiseRvssyDNQZCgT/tZIB9YOsJ54vamtpHv3XMyLPW5+Is7e0TFab/AJgtBpDzcbwl3H1BDpZBGAFqV60InP8A90aiyPzDuKTXWu7GtjRVbWhplhid+dITJccYOP1GFNhKELV6SUOOK9e0gkAqFRzXd8iXG3IztNN23Lrt3MV8+MhyWhElp2A4+jIkMR3CkhSCQpoJyMpKhhWhFg8HRrHo/Yf5GjRCHvzZ277Dc9NvPZNhUN2FWw/FUzaIcLK23MZOW/q7DH/Gl3cWzucN6NQKjcdlslirbsY8qWuE3KL5bbX2IQF/T2OB86l7RoNUuIxOivQpTfdh9tTTiM4ylQwRkex6P2OlZziTjp5dA69taM4vbDbjVUpa1qVHQ4nqtJJV9aSD8LyNN2jQIjPB/GbNZZ1AoZLkW2ZTHkB+0lvLSylYWltpa3SthCVgKCWikAjIA1uZ4a47j7mZ3c1UTBZx3xKbWq1mKaD4T1L3hLviLhH9Synsr5USdOujQcyFtqkr7yw3LDghuytUtImP+RRLgbT1R9JOBgevQH99LEvhDjKYYpd2++2IqShKWLKWylxHkLnR4IdAfR3JUEOdkgn409aNAkucLcaPTZs57bZWZ6Hm3WFTZBjJ8uPIppjyeJlasDK20pUSAc50UHDHHW2X0SqqmlGQic3ZB+VaS5bhkts+FDhW86pRIbPXBOMfbOnbRoA5+x/60aNGg//Z"}, "examDate": "2025-12-04", "reportId": "cmhmuk8z30001jv04jgsky9ud", "doctorName": "Ronaldo Gral"}	READ	2025-11-06 03:08:18.966	2025-11-06 03:08:46.099	GRA001
cmhopy6gu0003l204ggd8qf5g	cmhnr3hic0000kw04elwc8euv	LAB_RESULT	{"report": {"fileName": "Atestado.jpg", "fileContent": "/9j/4AAQSkZJRgABAQAAAQABAAD/4gHYSUNDX1BST0ZJTEUAAQEAAAHIAAAAAAQwAABtbnRyUkdCIFhZWiAH4AABAAEAAAAAAABhY3NwAAAAAAAAAAAAAAAAAAAAAAAAAAAAAAAAAAAAAQAA9tYAAQAAAADTLQAAAAAAAAAAAAAAAAAAAAAAAAAAAAAAAAAAAAAAAAAAAAAAAAAAAAAAAAAAAAAAAAAAAAlkZXNjAAAA8AAAACRyWFlaAAABFAAAABRnWFlaAAABKAAAABRiWFlaAAABPAAAABR3dHB0AAABUAAAABRyVFJDAAABZAAAAChnVFJDAAABZAAAAChiVFJDAAABZAAAAChjcHJ0AAABjAAAADxtbHVjAAAAAAAAAAEAAAAMZW5VUwAAAAgAAAAcAHMAUgBHAEJYWVogAAAAAAAAb6IAADj1AAADkFhZWiAAAAAAAABimQAAt4UAABjaWFlaIAAAAAAAACSgAAAPhAAAts9YWVogAAAAAAAA9tYAAQAAAADTLXBhcmEAAAAAAAQAAAACZmYAAPKnAAANWQAAE9AAAApbAAAAAAAAAABtbHVjAAAAAAAAAAEAAAAMZW5VUwAAACAAAAAcAEcAbwBvAGcAbABlACAASQBuAGMALgAgADIAMAAxADb/2wBDAAMCAgICAgMCAgIDAwMDBAYEBAQEBAgGBgUGCQgKCgkICQkKDA8MCgsOCwkJDRENDg8QEBEQCgwSExIQEw8QEBD/2wBDAQMDAwQDBAgEBAgQCwkLEBAQEBAQEBAQEBAQEBAQEBAQEBAQEBAQEBAQEBAQEBAQEBAQEBAQEBAQEBAQEBAQEBD/wAARCAAZAEsDASIAAhEBAxEB/8QAHAABAAEFAQEAAAAAAAAAAAAAAAgBAgQGBwUJ/8QALxAAAQQBAwEECgMBAAAAAAAAAQIDBAUABgcREhMhMXEUFRYiIzJBYZHwNTeB8f/EABUBAQEAAAAAAAAAAAAAAAAAAAAB/8QAFhEBAQEAAAAAAAAAAAAAAAAAABEB/9oADAMBAAIRAxEAPwD6Na03HqdFS4NY9U3NtYWCVrYhVUMyHihHzLI5ACR555+id5NK621LY6Nag3FNe1jTT7tdbw/Rn1tuAlK0DkhQ4B8Dz9sw9Qf3tpPjn+In+H+Zq+/222lA7D3Ojt2sTUbVpXNiVDupsZtQS50jrYbdSyshKlJ5Ugngkc8YHb/3zx3ZY++1GZckvuBDTSC44onuSkDkn8ZFnTl/q326stbTKPU1DB3BRMr49wqRCUwktg+glhvtnFpWelYBcZSCF/U8YXMSpyv74ZEGLuluhFrtI09Pu7TMsO1/ai01HcxmF2k0SOhcYkQXg8UjuLTZZd7+ergZ6tzuVri2u9V6ZO7MxmWmFOcTFoWoahVhlsKBcS8wmXEVzz7zodQscdKknJSJUZjvWVdHmx62RPjNS5fUY7C3Uhx4JHKuhPirgd54HcMirc7260pb7StfSblRJsRMGnWtmwmREO3CZCfiutpTFWuV0kcKW27HDZ46gsnnLV7hahsNZ1F4jXSrvVcCPerf00WYo9SrQhSUJ7NttLw9wJVw8pRVzyOAcpEtPpjOSbJ61sdS21nBj7g+3NQxDjP+tuyip9HlrHxIvVFbbbPT49JSVo44USc6354Rqms9uKnWkuFZv21zU2FelaGJlVMMd4IX8yCeCCk+Wa67sNUzZMJ253A13ax4UtqYIc267Rh5bZ5SHE9AJTz9ARnTcYDux9v+YxgV/OUxjAY4/eBjGAxjGB//2Q=="}, "examDate": "2025-12-05", "reportId": "cmhopy6g00001l204ko7njvc3", "doctorName": "Ronaldo"}	UNREAD	2025-11-07 10:34:43.134	2025-11-07 10:34:43.134	GRA002
cmhosu7qj0003i804hm760vpw	cmhm74o460000kz04vzwnik8s	LAB_RESULT	{"report": {"fileName": "Atestado.jpg", "fileContent": "/9j/4AAQSkZJRgABAQAAAQABAAD/4gHYSUNDX1BST0ZJTEUAAQEAAAHIAAAAAAQwAABtbnRyUkdCIFhZWiAH4AABAAEAAAAAAABhY3NwAAAAAAAAAAAAAAAAAAAAAAAAAAAAAAAAAAAAAQAA9tYAAQAAAADTLQAAAAAAAAAAAAAAAAAAAAAAAAAAAAAAAAAAAAAAAAAAAAAAAAAAAAAAAAAAAAAAAAAAAAlkZXNjAAAA8AAAACRyWFlaAAABFAAAABRnWFlaAAABKAAAABRiWFlaAAABPAAAABR3dHB0AAABUAAAABRyVFJDAAABZAAAAChnVFJDAAABZAAAAChiVFJDAAABZAAAAChjcHJ0AAABjAAAADxtbHVjAAAAAAAAAAEAAAAMZW5VUwAAAAgAAAAcAHMAUgBHAEJYWVogAAAAAAAAb6IAADj1AAADkFhZWiAAAAAAAABimQAAt4UAABjaWFlaIAAAAAAAACSgAAAPhAAAts9YWVogAAAAAAAA9tYAAQAAAADTLXBhcmEAAAAAAAQAAAACZmYAAPKnAAANWQAAE9AAAApbAAAAAAAAAABtbHVjAAAAAAAAAAEAAAAMZW5VUwAAACAAAAAcAEcAbwBvAGcAbABlACAASQBuAGMALgAgADIAMAAxADb/2wBDAAMCAgICAgMCAgIDAwMDBAYEBAQEBAgGBgUGCQgKCgkICQkKDA8MCgsOCwkJDRENDg8QEBEQCgwSExIQEw8QEBD/2wBDAQMDAwQDBAgEBAgQCwkLEBAQEBAQEBAQEBAQEBAQEBAQEBAQEBAQEBAQEBAQEBAQEBAQEBAQEBAQEBAQEBAQEBD/wAARCAAZAEsDASIAAhEBAxEB/8QAHAABAAEFAQEAAAAAAAAAAAAAAAgBAgQGBwUJ/8QALxAAAQQBAwEECgMBAAAAAAAAAQIDBAUABgcREhMhMXEUFRYiIzJBYZHwNTeB8f/EABUBAQEAAAAAAAAAAAAAAAAAAAAB/8QAFhEBAQEAAAAAAAAAAAAAAAAAABEB/9oADAMBAAIRAxEAPwD6Na03HqdFS4NY9U3NtYWCVrYhVUMyHihHzLI5ACR555+id5NK621LY6Nag3FNe1jTT7tdbw/Rn1tuAlK0DkhQ4B8Dz9sw9Qf3tpPjn+In+H+Zq+/222lA7D3Ojt2sTUbVpXNiVDupsZtQS50jrYbdSyshKlJ5Ugngkc8YHb/3zx3ZY++1GZckvuBDTSC44onuSkDkn8ZFnTl/q326stbTKPU1DB3BRMr49wqRCUwktg+glhvtnFpWelYBcZSCF/U8YXMSpyv74ZEGLuluhFrtI09Pu7TMsO1/ai01HcxmF2k0SOhcYkQXg8UjuLTZZd7+ergZ6tzuVri2u9V6ZO7MxmWmFOcTFoWoahVhlsKBcS8wmXEVzz7zodQscdKknJSJUZjvWVdHmx62RPjNS5fUY7C3Uhx4JHKuhPirgd54HcMirc7260pb7StfSblRJsRMGnWtmwmREO3CZCfiutpTFWuV0kcKW27HDZ46gsnnLV7hahsNZ1F4jXSrvVcCPerf00WYo9SrQhSUJ7NttLw9wJVw8pRVzyOAcpEtPpjOSbJ61sdS21nBj7g+3NQxDjP+tuyip9HlrHxIvVFbbbPT49JSVo44USc6354Rqms9uKnWkuFZv21zU2FelaGJlVMMd4IX8yCeCCk+Wa67sNUzZMJ253A13ax4UtqYIc267Rh5bZ5SHE9AJTz9ARnTcYDux9v+YxgV/OUxjAY4/eBjGAxjGB//2Q=="}, "examDate": "2026-01-01", "reportId": "cmhosu7pq0001i804si7d0t3x", "doctorName": "ronaldo"}	READ	2025-11-07 11:55:37.003	2025-11-07 11:56:42.263	teste01
cmhow26db0003jm04b3g6pue1	cmhnr3hic0000kw04elwc8euv	LAB_RESULT	{"report": {"fileName": "NotaFiscal.jpg", "fileContent": "/9j/4AAQSkZJRgABAQAAAQABAAD/4gHYSUNDX1BST0ZJTEUAAQEAAAHIAAAAAAQwAABtbnRyUkdCIFhZWiAH4AABAAEAAAAAAABhY3NwAAAAAAAAAAAAAAAAAAAAAAAAAAAAAAAAAAAAAQAA9tYAAQAAAADTLQAAAAAAAAAAAAAAAAAAAAAAAAAAAAAAAAAAAAAAAAAAAAAAAAAAAAAAAAAAAAAAAAAAAAlkZXNjAAAA8AAAACRyWFlaAAABFAAAABRnWFlaAAABKAAAABRiWFlaAAABPAAAABR3dHB0AAABUAAAABRyVFJDAAABZAAAAChnVFJDAAABZAAAAChiVFJDAAABZAAAAChjcHJ0AAABjAAAADxtbHVjAAAAAAAAAAEAAAAMZW5VUwAAAAgAAAAcAHMAUgBHAEJYWVogAAAAAAAAb6IAADj1AAADkFhZWiAAAAAAAABimQAAt4UAABjaWFlaIAAAAAAAACSgAAAPhAAAts9YWVogAAAAAAAA9tYAAQAAAADTLXBhcmEAAAAAAAQAAAACZmYAAPKnAAANWQAAE9AAAApbAAAAAAAAAABtbHVjAAAAAAAAAAEAAAAMZW5VUwAAACAAAAAcAEcAbwBvAGcAbABlACAASQBuAGMALgAgADIAMAAxADb/2wBDAAMCAgICAgMCAgIDAwMDBAYEBAQEBAgGBgUGCQgKCgkICQkKDA8MCgsOCwkJDRENDg8QEBEQCgwSExIQEw8QEBD/2wBDAQMDAwQDBAgEBAgQCwkLEBAQEBAQEBAQEBAQEBAQEBAQEBAQEBAQEBAQEBAQEBAQEBAQEBAQEBAQEBAQEBAQEBD/wAARCAAZAFQDASIAAhEBAxEB/8QAHAAAAgIDAQEAAAAAAAAAAAAAAAYHCAEDBQIJ/8QAMRAAAQQBBAIBAgMHBQAAAAAAAQIDBAURAAYHEhMhMSJBFBUjCBYXJDJhgVFTcaHB/8QAFQEBAQAAAAAAAAAAAAAAAAAAAAH/xAAVEQEBAAAAAAAAAAAAAAAAAAAAEf/aAAwDAQACEQMRAD8A+m1vf0W32USb65g1rTiuiHJchDKVK/0BUQCdeafcm3txIdcoL2vs0sEJdVDkoeCCfgK6k4/zqPt6VNVd81bSr7mtiT4v5XOX4JTKXW+wxg9VAjP98Z0lcg8b3XFe/P4wca31LSw7OTXV9hSijUUyGwS2QHG5DaEg9+3tpSsgYUPjUFh9GufuOVIgbftJsRzo9GhPutqwD1WlBIOPg+x99Vp2l+0NvhiDs6s35YpTbfr2FmpiK0Ba1oZU426hPXCSCkpUEYwoAZ96qxabWdQFu7n/AJHp9rSLCDsLb7Fk9AiXFYJF088w7CekIaPl6x0qQ8AsHoMp957kjqe81zxOTyhG4+mbNCYr8s1qrKO/JeQiWG+xSVfhhHxnIwX/AC/GW0/GhEvaNQbY33I9xzvd7VrbfejVFVtV60ppUUYiseRvssyDNQZCgT/tZIB9YOsJ54vamtpHv3XMyLPW5+Is7e0TFab/AJgtBpDzcbwl3H1BDpZBGAFqV60InP8A90aiyPzDuKTXWu7GtjRVbWhplhid+dITJccYOP1GFNhKELV6SUOOK9e0gkAqFRzXd8iXG3IztNN23Lrt3MV8+MhyWhElp2A4+jIkMR3CkhSCQpoJyMpKhhWhFg8HRrHo/Yf5GjRCHvzZ277Dc9NvPZNhUN2FWw/FUzaIcLK23MZOW/q7DH/Gl3cWzucN6NQKjcdlslirbsY8qWuE3KL5bbX2IQF/T2OB86l7RoNUuIxOivQpTfdh9tTTiM4ylQwRkex6P2OlZziTjp5dA69taM4vbDbjVUpa1qVHQ4nqtJJV9aSD8LyNN2jQIjPB/GbNZZ1AoZLkW2ZTHkB+0lvLSylYWltpa3SthCVgKCWikAjIA1uZ4a47j7mZ3c1UTBZx3xKbWq1mKaD4T1L3hLviLhH9Synsr5USdOujQcyFtqkr7yw3LDghuytUtImP+RRLgbT1R9JOBgevQH99LEvhDjKYYpd2++2IqShKWLKWylxHkLnR4IdAfR3JUEOdkgn409aNAkucLcaPTZs57bZWZ6Hm3WFTZBjJ8uPIppjyeJlasDK20pUSAc50UHDHHW2X0SqqmlGQic3ZB+VaS5bhkts+FDhW86pRIbPXBOMfbOnbRoA5+x/60aNGg//Z"}, "examDate": "2026-01-01", "reportId": "cmhow26bt0001jm04oh8m68h5", "doctorName": "Doc Solic"}	UNREAD	2025-11-07 13:25:47.327	2025-11-07 13:25:47.327	gra003
cmhow4ee40008jm04qnl4r9py	cmhow36xm0004jm04vymri0v1	LAB_RESULT	{"report": {"fileName": "Solicitacao.jpg", "fileContent": "/9j/4AAQSkZJRgABAQEAYABgAAD/2wBDAAIBAQIBAQICAgICAgICAwUDAwMDAwYEBAMFBwYHBwcGBwcICQsJCAgKCAcHCg0KCgsMDAwMBwkODw0MDgsMDAz/2wBDAQICAgMDAwYDAwYMCAcIDAwMDAwMDAwMDAwMDAwMDAwMDAwMDAwMDAwMDAwMDAwMDAwMDAwMDAwMDAwMDAwMDAz/wAARCAAbAEwDASIAAhEBAxEB/8QAHwAAAQUBAQEBAQEAAAAAAAAAAAECAwQFBgcICQoL/8QAtRAAAgEDAwIEAwUFBAQAAAF9AQIDAAQRBRIhMUEGE1FhByJxFDKBkaEII0KxwRVS0fAkM2JyggkKFhcYGRolJicoKSo0NTY3ODk6Q0RFRkdISUpTVFVWV1hZWmNkZWZnaGlqc3R1dnd4eXqDhIWGh4iJipKTlJWWl5iZmqKjpKWmp6ipqrKztLW2t7i5usLDxMXGx8jJytLT1NXW19jZ2uHi4+Tl5ufo6erx8vP09fb3+Pn6/8QAHwEAAwEBAQEBAQEBAQAAAAAAAAECAwQFBgcICQoL/8QAtREAAgECBAQDBAcFBAQAAQJ3AAECAxEEBSExBhJBUQdhcRMiMoEIFEKRobHBCSMzUvAVYnLRChYkNOEl8RcYGRomJygpKjU2Nzg5OkNERUZHSElKU1RVVldYWVpjZGVmZ2hpanN0dXZ3eHl6goOEhYaHiImKkpOUlZaXmJmaoqOkpaanqKmqsrO0tba3uLm6wsPExcbHyMnK0tPU1dbX2Nna4uPk5ebn6Onq8vP09fb3+Pn6/9oADAMBAAIRAxEAPwD96KK4b9o7xXr/AIJ+EGq6l4bgkm1O2CEGOETPDHuG+RUPDFVyeQQOpGAa5T4c/tD6VbeAJ9cl8WXnjO3vb6G0sbRdMit9UhmkGBbOqFI2bIJDbUXhvmYYNbqm2uZGPMr2PZKK8U+LP7RlymjWkWim/wBB1qy8SWWm6pZXtvC00cUwc4yDJGVcDIZGJ46irfgz9omCymvrO6udb8TareeIrvTNPsotPt7aZREAzIp80IY0B/1kjKxz0p+yla4cyvY9gorxnxL+0NPp/jGzuYYPEtvEPD93qUnh670uG2eVoScs80jh0IA6IGUjkEngvsf2toNF+F2i6/4h0DWLd9TtDdSPbrAlsAOmySSYKzNztiDGUhSdgGMnspBzI9jorzp/2ltIvL0w6RpPiPxD5Nnb3102m2iymzjnwY9yM6uzFSGKxq5AyccGub8UfHl/BXxktrHUdX1mDTL3UIoY7eXR7eGNlkj2osZeRblkEhJeVYnXcFUFMHclTkw5ke01fsv+PZfx/nXlln+0xoV5ewt9i1mPRrjUjpEWsvDH9ikuRwEGH80At8ocxhc9+9ep2X/Hsv4/zqJxa3Li09jmvGujanrugvBpGsyaFf7leO6W1juVGDyrRuMMpHXBU+hFeZXX7JS6lqOq6zPrVvF4l1DVLbVorqz00Q2ltLADt/cGRi+7c5cmTJJB4xz7l9ii/u/qaPsUX939TTjVcdhOF9zxHXP2VpPFFzc6jqHiBJNb1DWbPVbq4i0/y4ClsrLHBHEZCVGG5ZnY5HSk0/8AZUk0HXE1nT/EKQ61ba5d6vbTS6f5kCpcqFeB4xKpcYUYYOv0r2/7FF/d/U0fYov7v6mn7eQvZo8fvv2dr3xF4otdW1rxPJqd1Hot3o9wf7PSDzhPu+ddjAIFDYCkMTjlq5af9jPUZrG0i/4S2y8y10R9AWRtD3lLZjndGGnOyUgupYZBDH5R1r6J+xRf3f1NH2KL+7+ppqvJbB7NHzdqHwu8SfBjxno1p4P1C5kfxFbWWm6zcro8swtVgAjF1ExBgjOwEMsrnqCA2eNXX/2QLjV/FV/fReKI47bUNag1yVJtKWW5aWLpGZhIv7vl8KEGNw64598+xRf3f1NH2KL+7+po9uw9mjxSy/ZZ+zWlroz66JPCVlrJ1qGwFgFuvMyWWJp95BjDkniMMRxu717XZf8AHsv4/wA6PsUX939TUiII1CqMAVnObluVGNj/2Q=="}, "examDate": "2026-01-01", "reportId": "cmhow4edz0006jm04vq922wv8", "doctorName": "Ronaldo"}	UNREAD	2025-11-07 13:27:31.037	2025-11-07 13:27:31.037	gra004
cmhow6icy000gjm04ei8scdlb	cmhow36xm0004jm04vymri0v1	LAB_RESULT	{"report": {"fileName": "Atestado.jpg", "fileContent": "/9j/4AAQSkZJRgABAQAAAQABAAD/4gHYSUNDX1BST0ZJTEUAAQEAAAHIAAAAAAQwAABtbnRyUkdCIFhZWiAH4AABAAEAAAAAAABhY3NwAAAAAAAAAAAAAAAAAAAAAAAAAAAAAAAAAAAAAQAA9tYAAQAAAADTLQAAAAAAAAAAAAAAAAAAAAAAAAAAAAAAAAAAAAAAAAAAAAAAAAAAAAAAAAAAAAAAAAAAAAlkZXNjAAAA8AAAACRyWFlaAAABFAAAABRnWFlaAAABKAAAABRiWFlaAAABPAAAABR3dHB0AAABUAAAABRyVFJDAAABZAAAAChnVFJDAAABZAAAAChiVFJDAAABZAAAAChjcHJ0AAABjAAAADxtbHVjAAAAAAAAAAEAAAAMZW5VUwAAAAgAAAAcAHMAUgBHAEJYWVogAAAAAAAAb6IAADj1AAADkFhZWiAAAAAAAABimQAAt4UAABjaWFlaIAAAAAAAACSgAAAPhAAAts9YWVogAAAAAAAA9tYAAQAAAADTLXBhcmEAAAAAAAQAAAACZmYAAPKnAAANWQAAE9AAAApbAAAAAAAAAABtbHVjAAAAAAAAAAEAAAAMZW5VUwAAACAAAAAcAEcAbwBvAGcAbABlACAASQBuAGMALgAgADIAMAAxADb/2wBDAAMCAgICAgMCAgIDAwMDBAYEBAQEBAgGBgUGCQgKCgkICQkKDA8MCgsOCwkJDRENDg8QEBEQCgwSExIQEw8QEBD/2wBDAQMDAwQDBAgEBAgQCwkLEBAQEBAQEBAQEBAQEBAQEBAQEBAQEBAQEBAQEBAQEBAQEBAQEBAQEBAQEBAQEBAQEBD/wAARCAAZAEsDASIAAhEBAxEB/8QAHAABAAEFAQEAAAAAAAAAAAAAAAgBAgQGBwUJ/8QALxAAAQQBAwEECgMBAAAAAAAAAQIDBAUABgcREhMhMXEUFRYiIzJBYZHwNTeB8f/EABUBAQEAAAAAAAAAAAAAAAAAAAAB/8QAFhEBAQEAAAAAAAAAAAAAAAAAABEB/9oADAMBAAIRAxEAPwD6Na03HqdFS4NY9U3NtYWCVrYhVUMyHihHzLI5ACR555+id5NK621LY6Nag3FNe1jTT7tdbw/Rn1tuAlK0DkhQ4B8Dz9sw9Qf3tpPjn+In+H+Zq+/222lA7D3Ojt2sTUbVpXNiVDupsZtQS50jrYbdSyshKlJ5Ugngkc8YHb/3zx3ZY++1GZckvuBDTSC44onuSkDkn8ZFnTl/q326stbTKPU1DB3BRMr49wqRCUwktg+glhvtnFpWelYBcZSCF/U8YXMSpyv74ZEGLuluhFrtI09Pu7TMsO1/ai01HcxmF2k0SOhcYkQXg8UjuLTZZd7+ergZ6tzuVri2u9V6ZO7MxmWmFOcTFoWoahVhlsKBcS8wmXEVzz7zodQscdKknJSJUZjvWVdHmx62RPjNS5fUY7C3Uhx4JHKuhPirgd54HcMirc7260pb7StfSblRJsRMGnWtmwmREO3CZCfiutpTFWuV0kcKW27HDZ46gsnnLV7hahsNZ1F4jXSrvVcCPerf00WYo9SrQhSUJ7NttLw9wJVw8pRVzyOAcpEtPpjOSbJ61sdS21nBj7g+3NQxDjP+tuyip9HlrHxIvVFbbbPT49JSVo44USc6354Rqms9uKnWkuFZv21zU2FelaGJlVMMd4IX8yCeCCk+Wa67sNUzZMJ253A13ax4UtqYIc267Rh5bZ5SHE9AJTz9ARnTcYDux9v+YxgV/OUxjAY4/eBjGAxjGB//2Q=="}, "examDate": "2025-12-03", "reportId": "cmhow6ict000ejm04y04g75dc", "doctorName": "Teste Doc"}	UNREAD	2025-11-07 13:29:09.49	2025-11-07 13:29:09.49	gra006
cmhp5uli20007l2049hzyo6se	cmhm74o460000kz04vzwnik8s	LAB_RESULT	{"report": {"fileName": "Prescrição.jpg", "fileContent": "/9j/4AAQSkZJRgABAQAAAQABAAD/4gHYSUNDX1BST0ZJTEUAAQEAAAHIAAAAAAQwAABtbnRyUkdCIFhZWiAH4AABAAEAAAAAAABhY3NwAAAAAAAAAAAAAAAAAAAAAAAAAAAAAAAAAAAAAQAA9tYAAQAAAADTLQAAAAAAAAAAAAAAAAAAAAAAAAAAAAAAAAAAAAAAAAAAAAAAAAAAAAAAAAAAAAAAAAAAAAlkZXNjAAAA8AAAACRyWFlaAAABFAAAABRnWFlaAAABKAAAABRiWFlaAAABPAAAABR3dHB0AAABUAAAABRyVFJDAAABZAAAAChnVFJDAAABZAAAAChiVFJDAAABZAAAAChjcHJ0AAABjAAAADxtbHVjAAAAAAAAAAEAAAAMZW5VUwAAAAgAAAAcAHMAUgBHAEJYWVogAAAAAAAAb6IAADj1AAADkFhZWiAAAAAAAABimQAAt4UAABjaWFlaIAAAAAAAACSgAAAPhAAAts9YWVogAAAAAAAA9tYAAQAAAADTLXBhcmEAAAAAAAQAAAACZmYAAPKnAAANWQAAE9AAAApbAAAAAAAAAABtbHVjAAAAAAAAAAEAAAAMZW5VUwAAACAAAAAcAEcAbwBvAGcAbABlACAASQBuAGMALgAgADIAMAAxADb/2wBDAAMCAgICAgMCAgIDAwMDBAYEBAQEBAgGBgUGCQgKCgkICQkKDA8MCgsOCwkJDRENDg8QEBEQCgwSExIQEw8QEBD/2wBDAQMDAwQDBAgEBAgQCwkLEBAQEBAQEBAQEBAQEBAQEBAQEBAQEBAQEBAQEBAQEBAQEBAQEBAQEBAQEBAQEBAQEBD/wAARCAAYAFQDASIAAhEBAxEB/8QAGwABAAIDAQEAAAAAAAAAAAAAAAQIAwUHBgn/xAAyEAAABQQBAwIEAwkAAAAAAAABAgMEBQAGBxESCBMhMUEUFiIyFUJRGDM0WGFzgpbT/8QAFQEBAQAAAAAAAAAAAAAAAAAAAAH/xAAWEQEBAQAAAAAAAAAAAAAAAAAAEUH/2gAMAwEAAhEDEQA/APpNdt+2hYqCDi65tGPK6OJEQMUxzKGANjopAEw69x1qotn5RsG/njyPtG5m0g7YETVctwKdNVMhxECmEhylNxESiG9a8VoLuABzZYmwD+DlPX+2WvH50xyEROkzdbV5TkLOIKxzNVBoRmZu5SIsYoFP3UDqgAlXUASlUKUdhsBEAqaO8UqFOKKIwj9ZE5iHI1VMU5dgJRAg6ENe4VVW0p/KNu2AyyjCR13pFYQ7pzKubruI0kwlDjsqIoN/jFTpaOIGEQKh9ICHn0qi24+PUKVwJ3mDNLe7C27F2fFzCMQ0Yupl2kig0RVBzyMIkFxIFO3KQoa5dtxyEBH6fBaxts8361SlyziFuJuzIlWi0QbLFTTTO57JVjOCLKIukQAQETEOkcB+kSF+6ixYH+lK4dM5GyexnkrLVmbHeLEZSLp+7YNXWxKgTkCQJA55NlR352opr1D9AyWbky9J1REjJ9a0XFw6McV+lMGcGXeGcpgfaTgyw9vWwAoHIqJx9wpSO2++velVHtfKknbdwTVzNLJjkizLMXMW95KlQPzeggKxwF4oZUORuRjmQbHNx461oQsDjq6rlmJK4rZuxSKdyFvOkUTP4tso3bOSqolVDSaiigkMUDcRDmb0349KI9vSlKCvV85v6bLolIi4YDq+xjAS8P3iIuS3NFOiGTVLxOUUzrAG/Aed15qZylh+50m0bdHXzjB7FpvEHLlqnJQyJliJqAfgCgL7JvWuQAOv0pSg6qp1U9LCyZ0luo/FShFAEpymvCOEDAPqA7W81BHqM6PBhvlwc7YbGJ7fa+A+Z4v4bhvfHt93jrftrVKUESRzp0TTEqwnJbMeEH0lFAAMHji4YlRdoAenaUMoJk/8RCsDDNHQ1FBJljMsYKZhNb/EwbzsOmD3fr3uJw7m9/m3SlBljM4dEUI2QZwuYMHsG7ZJRBBJrcEQkRJNT94QoFUAClN7gHgfetXJZT6IpO7revRbPOIkpC2ElEY/tXREFIQhw1r7xMAF/KBTBrY0pQTGmYOhNg7fv2OUcDNnMqVQr5ZGbhiKOwP94KmA4Cfl78t7962VvdQ3RvaMaWGtTOWGYVgQxjlax1zRTZEphHYiBE1AKAiPr4pSg2f7VvS5/Mniz/cY7/tSlKD/2Q=="}, "examDate": "2025-12-12", "reportId": "cmhp5ulhv0005l204a8k91v6c", "doctorName": "Ronaldo"}	READ	2025-11-07 17:59:49.851	2025-11-07 18:02:49.871	testegra001
cmhp5pzfw0003l204hf5s5gir	cmhm74o460000kz04vzwnik8s	LAB_RESULT	{"report": {"fileName": "Autorização.jpg", "fileContent": "/9j/4AAQSkZJRgABAQAAAQABAAD/4gHYSUNDX1BST0ZJTEUAAQEAAAHIAAAAAAQwAABtbnRyUkdCIFhZWiAH4AABAAEAAAAAAABhY3NwAAAAAAAAAAAAAAAAAAAAAAAAAAAAAAAAAAAAAQAA9tYAAQAAAADTLQAAAAAAAAAAAAAAAAAAAAAAAAAAAAAAAAAAAAAAAAAAAAAAAAAAAAAAAAAAAAAAAAAAAAlkZXNjAAAA8AAAACRyWFlaAAABFAAAABRnWFlaAAABKAAAABRiWFlaAAABPAAAABR3dHB0AAABUAAAABRyVFJDAAABZAAAAChnVFJDAAABZAAAAChiVFJDAAABZAAAAChjcHJ0AAABjAAAADxtbHVjAAAAAAAAAAEAAAAMZW5VUwAAAAgAAAAcAHMAUgBHAEJYWVogAAAAAAAAb6IAADj1AAADkFhZWiAAAAAAAABimQAAt4UAABjaWFlaIAAAAAAAACSgAAAPhAAAts9YWVogAAAAAAAA9tYAAQAAAADTLXBhcmEAAAAAAAQAAAACZmYAAPKnAAANWQAAE9AAAApbAAAAAAAAAABtbHVjAAAAAAAAAAEAAAAMZW5VUwAAACAAAAAcAEcAbwBvAGcAbABlACAASQBuAGMALgAgADIAMAAxADb/2wBDAAMCAgICAgMCAgIDAwMDBAYEBAQEBAgGBgUGCQgKCgkICQkKDA8MCgsOCwkJDRENDg8QEBEQCgwSExIQEw8QEBD/2wBDAQMDAwQDBAgEBAgQCwkLEBAQEBAQEBAQEBAQEBAQEBAQEBAQEBAQEBAQEBAQEBAQEBAQEBAQEBAQEBAQEBAQEBD/wAARCAAXAFgDASIAAhEBAxEB/8QAHQABAAEFAAMAAAAAAAAAAAAAAAgDBAUGBwECCf/EAC8QAAEDBAEDAwEHBQAAAAAAAAECAwQABQYRIQcSMRMiQVEUFRYjMmFxOHaBobT/xAAVAQEBAAAAAAAAAAAAAAAAAAAAAf/EABURAQEAAAAAAAAAAAAAAAAAAAAR/9oADAMBAAIRAxEAPwD6NZh1MxjCZsa2XdyW7MltKebjxIyn3A2DrvIT4Tvjf1r0wfqrhvUKVc7fjs137bZ3UtTIclksvtFTaHEkpVzopWk7/esK/wD1Ex/7PX/2VqfVbpva8e6gWHqvYr1eoF4u+UW+NOaYl9saQhTSWFd7eudtsNJ869u/NB3T/dKsrzd4GP2adfbq+GYVtjOS5Dh8IabSVKP+ADUXsN6oZxiUDKp13t9+g3DIYH4rii9RSGmZHrJTLjsbOi000tgjWv1KNBK6lRyyPqplt66i2mLjeeRItih5tAtLyYrLTqJbLtkclKaW6Trl5JSNfKk/KQDYSuuvUOFiwyBi/Wu4yrpj8i7qhNw0g2J9t1hKWXdHagoPKHv0dtGgk6K8VHbIs+yfEo+VrlZtDiXmKu1R4sswGh94SX4qVJaKFr7EAqOyofpSkmsblfWvqbiN2sFuGSWS7/ZxZmrutpDDSJbkyUlla2gVdygkL2PT2B28/NKJNLWhtCnHFJSlIKlKUdAAeSapRZ0Kcj1IUtmQgaPc04FjkbHj6ggj9jXBJ3VDIJdhyS7XbK7KW1R7rG/DTkTciOlpfppUpST3EEH3dwA93B0K1Lpl1FyWDBuOMR5dix1xzJmob97abYeYbbXAbkAkJV6XcSoIHIACdeeKVYldStQ6U5PdcuwyNd7wWnJIeejmQyjtblJbcKUvoHwlYAUP5pRFLMOm68kv8TKbTlNwsN0jRFQVPxEpV6jBWF9pCuOFc7/esKvo3d592ss7I+p98u8Sz3Bu5JhPNNpQ642lQR3EcgArCv5TSlB0uTGjy2HYktht9l5JQ424gKQtJGiCDwQfoapSbbbpgSJcCO+EIW2n1Gkq7UKGlJGx4IGiPmlKCxjYjikOOmJExm0sMJeTJS03CbSgPJ/S4ABruHwryKqN4zjbKpa2cftqFTzuUUxGwZB3v8zj38887pSgXDGccuyC3dcfts1KlJWUyIjbgKkjtST3A8gcD6CqRw3ESqMs4rZyqGkIjEwWvyQD3AI9vt554+eaUoLKL08xGHld3zNu0tG5X2K1EnKUhJQ422CACnXz3He/PFXyMQxJuA5am8WtCITygp2MmE0GlqA0CpHbokAAcj4pSgyUePHiMNxYjDbDLSQltttASlCR4AA4ApSlB//Z"}, "examDate": "2025-12-01", "reportId": "cmhp5pzeb0001l204dkhyxkys", "doctorName": "ronaldo"}	READ	2025-11-07 17:56:14.636	2025-11-07 18:07:55.099	Teste1111
cmhplmzxa0003jj043brs390q	cmhm74o460000kz04vzwnik8s	LAB_RESULT	{"report": {"fileName": "Requisição.jpg", "fileContent": "/9j/4AAQSkZJRgABAQAAAQABAAD/4gHYSUNDX1BST0ZJTEUAAQEAAAHIAAAAAAQwAABtbnRyUkdCIFhZWiAH4AABAAEAAAAAAABhY3NwAAAAAAAAAAAAAAAAAAAAAAAAAAAAAAAAAAAAAQAA9tYAAQAAAADTLQAAAAAAAAAAAAAAAAAAAAAAAAAAAAAAAAAAAAAAAAAAAAAAAAAAAAAAAAAAAAAAAAAAAAlkZXNjAAAA8AAAACRyWFlaAAABFAAAABRnWFlaAAABKAAAABRiWFlaAAABPAAAABR3dHB0AAABUAAAABRyVFJDAAABZAAAAChnVFJDAAABZAAAAChiVFJDAAABZAAAAChjcHJ0AAABjAAAADxtbHVjAAAAAAAAAAEAAAAMZW5VUwAAAAgAAAAcAHMAUgBHAEJYWVogAAAAAAAAb6IAADj1AAADkFhZWiAAAAAAAABimQAAt4UAABjaWFlaIAAAAAAAACSgAAAPhAAAts9YWVogAAAAAAAA9tYAAQAAAADTLXBhcmEAAAAAAAQAAAACZmYAAPKnAAANWQAAE9AAAApbAAAAAAAAAABtbHVjAAAAAAAAAAEAAAAMZW5VUwAAACAAAAAcAEcAbwBvAGcAbABlACAASQBuAGMALgAgADIAMAAxADb/2wBDAAMCAgICAgMCAgIDAwMDBAYEBAQEBAgGBgUGCQgKCgkICQkKDA8MCgsOCwkJDRENDg8QEBEQCgwSExIQEw8QEBD/2wBDAQMDAwQDBAgEBAgQCwkLEBAQEBAQEBAQEBAQEBAQEBAQEBAQEBAQEBAQEBAQEBAQEBAQEBAQEBAQEBAQEBAQEBD/wAARCAAYAE8DASIAAhEBAxEB/8QAHQAAAQQCAwAAAAAAAAAAAAAAAAIFBwgEBgEDCf/EAC0QAAEDBAEEAAUDBQAAAAAAAAECAwQABQYRBxITITEUIkFRUggVNGF1kZOx/8QAFgEBAQEAAAAAAAAAAAAAAAAAAAEC/8QAFhEBAQEAAAAAAAAAAAAAAAAAABEB/9oADAMBAAIRAxEAPwD0IvPMmP2q9TLFGsOR3d+3rDcpdstqn22nCN9BVsedU8cfciYtybjjWUYnNU/EdKkKQ4gtusrBIKXEHyk7BrXOKvOV8if3/wAf6xWrYzxtjvGPOsCFh794jRLtZZTsmG9dZD8fqS5tPQ04spQBs6CQNbo1E4/8oqJf1UJW5wnemWozchbsiCjsOLKEOhUpodClaOkq3onR8E+DUSnJMx44j5HCxi02PBVSchiwn4CbihMK0Mdn+Ul92OppIfI2FKZ0D4I3o0TMW0o2Kq1d+YOR4FkD+QcpWWyT4lsjyYIgiLJYvy1vhKlIW6yCvSTohlKPPn1TlfOb76iFcsbmZJbje/3y5RjbnGmS8baIylsqU0RsoP5kfN62aEWT8UD+pqtFk5WyeNl2NWRzLojUGXFgsJssOJHKz3I5UtTjKkJeSjYGnWlqbA8FFcce8l32SLbbrln0HEWorUY263ItjCkXsuuL7vS2Edw9J+TTJTo+T9aEWLj3yyS5bkCJeIL8plam3GW5CVOIWkbKSkHYIHsVm1Tq2crZLa83yK7WRuwypb8KaG2mm43xsHtPpB7jLbKXG9JKllLrruwN+BU8cO5dcchn3+2qzRrMrVblRjDvjTTCEuqcb6nGtsJS2ooP4jY9HzQjNu3EEaZfJ99s2a5LYXLm4H5TNumBttx0DXWQQfOq7MW4mjY5lRy+dmGQ32ciGYLAucoOoYQVdSikADyfR3RRRK3pxtt1PQ6hK0+9KGxSXIsV4KD0ZpwLACupAPVr1v70UUDbf8VsGTWl2x3i2tPQ3UhBQB0EJCgoBKhop8gejWa3bLe30lMJkqQkICygFWgNAE+/VFFSBfwUPupe+EZ7iR0pX2x1AfYH6U13PDccu95tF/nW5C51jU4qA4CU9orGleB4Ox96KKodEwYSFqdRDYSte+pQbAKt+9n60tiOxGR24zDbSffShISP8Ciig//Z"}, "examDate": "2025-11-11", "reportId": "cmhplmzw50001jj04kbfh9har", "doctorName": "ron"}	READ	2025-11-08 01:21:49.15	2025-11-08 01:22:24.239	trt68
cmi3gey0s0003kz04ct7rl5je	cmhm74o460000kz04vzwnik8s	LAB_RESULT	{"report": {"fileName": "Requisição.jpg", "fileContent": "/9j/4AAQSkZJRgABAQAAAQABAAD/4gHYSUNDX1BST0ZJTEUAAQEAAAHIAAAAAAQwAABtbnRyUkdCIFhZWiAH4AABAAEAAAAAAABhY3NwAAAAAAAAAAAAAAAAAAAAAAAAAAAAAAAAAAAAAQAA9tYAAQAAAADTLQAAAAAAAAAAAAAAAAAAAAAAAAAAAAAAAAAAAAAAAAAAAAAAAAAAAAAAAAAAAAAAAAAAAAlkZXNjAAAA8AAAACRyWFlaAAABFAAAABRnWFlaAAABKAAAABRiWFlaAAABPAAAABR3dHB0AAABUAAAABRyVFJDAAABZAAAAChnVFJDAAABZAAAAChiVFJDAAABZAAAAChjcHJ0AAABjAAAADxtbHVjAAAAAAAAAAEAAAAMZW5VUwAAAAgAAAAcAHMAUgBHAEJYWVogAAAAAAAAb6IAADj1AAADkFhZWiAAAAAAAABimQAAt4UAABjaWFlaIAAAAAAAACSgAAAPhAAAts9YWVogAAAAAAAA9tYAAQAAAADTLXBhcmEAAAAAAAQAAAACZmYAAPKnAAANWQAAE9AAAApbAAAAAAAAAABtbHVjAAAAAAAAAAEAAAAMZW5VUwAAACAAAAAcAEcAbwBvAGcAbABlACAASQBuAGMALgAgADIAMAAxADb/2wBDAAMCAgICAgMCAgIDAwMDBAYEBAQEBAgGBgUGCQgKCgkICQkKDA8MCgsOCwkJDRENDg8QEBEQCgwSExIQEw8QEBD/2wBDAQMDAwQDBAgEBAgQCwkLEBAQEBAQEBAQEBAQEBAQEBAQEBAQEBAQEBAQEBAQEBAQEBAQEBAQEBAQEBAQEBAQEBD/wAARCAAYAE8DASIAAhEBAxEB/8QAHQAAAQQCAwAAAAAAAAAAAAAAAAIFBwgEBgEDCf/EAC0QAAEDBAEEAAUDBQAAAAAAAAECAwQABQYRBxITITEUIkFRUggVNGF1kZOx/8QAFgEBAQEAAAAAAAAAAAAAAAAAAAEC/8QAFhEBAQEAAAAAAAAAAAAAAAAAABEB/9oADAMBAAIRAxEAPwD0IvPMmP2q9TLFGsOR3d+3rDcpdstqn22nCN9BVsedU8cfciYtybjjWUYnNU/EdKkKQ4gtusrBIKXEHyk7BrXOKvOV8if3/wAf6xWrYzxtjvGPOsCFh794jRLtZZTsmG9dZD8fqS5tPQ04spQBs6CQNbo1E4/8oqJf1UJW5wnemWozchbsiCjsOLKEOhUpodClaOkq3onR8E+DUSnJMx44j5HCxi02PBVSchiwn4CbihMK0Mdn+Ul92OppIfI2FKZ0D4I3o0TMW0o2Kq1d+YOR4FkD+QcpWWyT4lsjyYIgiLJYvy1vhKlIW6yCvSTohlKPPn1TlfOb76iFcsbmZJbje/3y5RjbnGmS8baIylsqU0RsoP5kfN62aEWT8UD+pqtFk5WyeNl2NWRzLojUGXFgsJssOJHKz3I5UtTjKkJeSjYGnWlqbA8FFcce8l32SLbbrln0HEWorUY263ItjCkXsuuL7vS2Edw9J+TTJTo+T9aEWLj3yyS5bkCJeIL8plam3GW5CVOIWkbKSkHYIHsVm1Tq2crZLa83yK7WRuwypb8KaG2mm43xsHtPpB7jLbKXG9JKllLrruwN+BU8cO5dcchn3+2qzRrMrVblRjDvjTTCEuqcb6nGtsJS2ooP4jY9HzQjNu3EEaZfJ99s2a5LYXLm4H5TNumBttx0DXWQQfOq7MW4mjY5lRy+dmGQ32ciGYLAucoOoYQVdSikADyfR3RRRK3pxtt1PQ6hK0+9KGxSXIsV4KD0ZpwLACupAPVr1v70UUDbf8VsGTWl2x3i2tPQ3UhBQB0EJCgoBKhop8gejWa3bLe30lMJkqQkICygFWgNAE+/VFFSBfwUPupe+EZ7iR0pX2x1AfYH6U13PDccu95tF/nW5C51jU4qA4CU9orGleB4Ox96KKodEwYSFqdRDYSte+pQbAKt+9n60tiOxGR24zDbSffShISP8Ciig//Z"}, "examDate": "2025-11-17", "reportId": "cmi3gey040001kz04cfc1lxud", "doctorName": "Laudo"}	READ	2025-11-17 18:04:21.82	2025-11-17 18:05:55.44	raph0001
cmhow5gg2000cjm04fn7ovk6j	cmhm74o460000kz04vzwnik8s	LAB_RESULT	{"report": {"fileName": "Laudo-Resultado.jpg", "fileContent": "/9j/4AAQSkZJRgABAQAAAQABAAD/4gHYSUNDX1BST0ZJTEUAAQEAAAHIAAAAAAQwAABtbnRyUkdCIFhZWiAH4AABAAEAAAAAAABhY3NwAAAAAAAAAAAAAAAAAAAAAAAAAAAAAAAAAAAAAQAA9tYAAQAAAADTLQAAAAAAAAAAAAAAAAAAAAAAAAAAAAAAAAAAAAAAAAAAAAAAAAAAAAAAAAAAAAAAAAAAAAlkZXNjAAAA8AAAACRyWFlaAAABFAAAABRnWFlaAAABKAAAABRiWFlaAAABPAAAABR3dHB0AAABUAAAABRyVFJDAAABZAAAAChnVFJDAAABZAAAAChiVFJDAAABZAAAAChjcHJ0AAABjAAAADxtbHVjAAAAAAAAAAEAAAAMZW5VUwAAAAgAAAAcAHMAUgBHAEJYWVogAAAAAAAAb6IAADj1AAADkFhZWiAAAAAAAABimQAAt4UAABjaWFlaIAAAAAAAACSgAAAPhAAAts9YWVogAAAAAAAA9tYAAQAAAADTLXBhcmEAAAAAAAQAAAACZmYAAPKnAAANWQAAE9AAAApbAAAAAAAAAABtbHVjAAAAAAAAAAEAAAAMZW5VUwAAACAAAAAcAEcAbwBvAGcAbABlACAASQBuAGMALgAgADIAMAAxADb/2wBDAAMCAgICAgMCAgIDAwMDBAYEBAQEBAgGBgUGCQgKCgkICQkKDA8MCgsOCwkJDRENDg8QEBEQCgwSExIQEw8QEBD/2wBDAQMDAwQDBAgEBAgQCwkLEBAQEBAQEBAQEBAQEBAQEBAQEBAQEBAQEBAQEBAQEBAQEBAQEBAQEBAQEBAQEBAQEBD/wAARCAAZAHgDASIAAhEBAxEB/8QAHQAAAwACAgMAAAAAAAAAAAAAAAYHAgUBAwQICf/EADAQAAEDBAEDAwMEAAcAAAAAAAECAwQABQYREgcTIQgVMRQiQSMyUWEWM0JicZGx/8QAFQEBAQAAAAAAAAAAAAAAAAAAAAH/xAAWEQEBAQAAAAAAAAAAAAAAAAAAEQH/2gAMAwEAAhEDEQA/APqKpSUgqUQABsk/ivEbvFpecSyzdIi3FHSUJfSST/AG6V+ssh+L0uyR+M6tpxMJWloUQobIB0R8eKnmXenu23/CrDM6cRIFkyOHIhXJuY4+82HOCdqSpSORHIn+D8UXMq7UUidFspybLMGZnZgiF7tEkvwJK4ZUWnVNK48xyAI381mjMLwrrU5gZLHtaca91Gkfqd/6lLf7t/t4k+NUSHiio9cvUrjNqzefhMuyzO9DTJ4PJdbPdWw33FjhvkkEfBPgmtvdeuFst6kxY2PT5k6RHtzkOKhxtJkOTP8AKaClHSSPyToUFKoqEYf1vyNCr5bbjil1u16autwkG3IkMJXAt7CWQrayQlYCnPASSTyplyfqpNft8a44U6yWP8PSMhfXIa5cWu3+igjY0ruKSSP4SqhFSor1nw/1OP220m/5RlcDKrd7JCmSXbfAEMwrlIcaQ1CVtSgefcWQoka7Zpvb9TlmmWW33S24hcpTs2XIiLYD7SEtKZCFK06ohDhIWkpCSSfOvg0FpoqcSOstrXFuIYtc5tyLf28aClcQfqHI7LyXdb8JAkJBHztJ8UkYd17yKBZWk5Ri8mbFg4qi+vXUS2uclwrKePb8cfPjZ/8AKLF+oqN2T1HW/LrK25imJzrheXrnJtXtzcpkcFsx0PuOd4q7ZQG3EHwfJPH5rWYd1+lQsHiT71YrpeF2u1pu2RT0LaR7fHcffShSkkguEJYcJSgEgI/sURd6K4SpK0haTsEbBHwQaKBf6hY7KyzCrxjkJ1Db8+MpptS/2hXgjf8A1Shb711xt1vjW9PTWzuCMyhnn7ykcuKQN61+dVUKKLmwj9HMZv8Ai+Fph5RHYj3OXMkzZDDDvdQyXFkhAX+dDXn+6zyTpXbshy5nOGMnyCzXVqD7cpdskttpdY7gc4qC217+4DyNU60URMz6f8NXefeJNzvshvuyZCYLktJjJdfa7TrgSEA8lJ/3fPkAVhD9PmJRIsplzIMklSXkxEMTH5qFPw/pTtgsqDYCSj8bB/vdU+igmLXp+xSOyoxMhyVia89Idk3BuagSZKXwgOtLV29FCu2k6AB2PBFby2dLbBboN6tncdVEu8Rm3BtH2GPDabKENJPneuSjy/JPn4pyooECf0QwqdGjx+VxjGLbYttbdjyAleoxSqO8TxO3mynaVfjavB3XXfeillyW1RrVecryeSGUuNPPLmoUuW24QVIdSW+Ch9qdEJBGvB8ndDooJu70Gw5d7bvDFxvcdhEtif7c1LSIipLLaWkOqSUFRVwbQk/d/pFEvoHhUuEzbvq7wywzaRZwlqUkcmQsOIWSUn9RCgCD8fyDVIootTNjoHjMaO8WMkyZu5P3Ry7ruwmo+sL7kZEdwcu3x4KabQCOP42NeKxHp6wdEJi2R597YhCEi3TozcxIRc4yHFrS1J2jagC66PtKTpahv+KdRRAAANJHgeP+KKKKD//Z"}, "examDate": "2025-12-02", "reportId": "cmhow5gfu000ajm04fw8ukmia", "doctorName": "Ronaldo"}	READ	2025-11-07 13:28:20.355	2025-11-19 01:18:00.544	gra005
cmifw77ps0003kz046jne5u6x	cmhm74o460000kz04vzwnik8s	LAB_RESULT	{"report": {"fileName": "Laudo-Resultado.jpg", "fileContent": "/9j/4AAQSkZJRgABAQAAAQABAAD/4gHYSUNDX1BST0ZJTEUAAQEAAAHIAAAAAAQwAABtbnRyUkdCIFhZWiAH4AABAAEAAAAAAABhY3NwAAAAAAAAAAAAAAAAAAAAAAAAAAAAAAAAAAAAAQAA9tYAAQAAAADTLQAAAAAAAAAAAAAAAAAAAAAAAAAAAAAAAAAAAAAAAAAAAAAAAAAAAAAAAAAAAAAAAAAAAAlkZXNjAAAA8AAAACRyWFlaAAABFAAAABRnWFlaAAABKAAAABRiWFlaAAABPAAAABR3dHB0AAABUAAAABRyVFJDAAABZAAAAChnVFJDAAABZAAAAChiVFJDAAABZAAAAChjcHJ0AAABjAAAADxtbHVjAAAAAAAAAAEAAAAMZW5VUwAAAAgAAAAcAHMAUgBHAEJYWVogAAAAAAAAb6IAADj1AAADkFhZWiAAAAAAAABimQAAt4UAABjaWFlaIAAAAAAAACSgAAAPhAAAts9YWVogAAAAAAAA9tYAAQAAAADTLXBhcmEAAAAAAAQAAAACZmYAAPKnAAANWQAAE9AAAApbAAAAAAAAAABtbHVjAAAAAAAAAAEAAAAMZW5VUwAAACAAAAAcAEcAbwBvAGcAbABlACAASQBuAGMALgAgADIAMAAxADb/2wBDAAMCAgICAgMCAgIDAwMDBAYEBAQEBAgGBgUGCQgKCgkICQkKDA8MCgsOCwkJDRENDg8QEBEQCgwSExIQEw8QEBD/2wBDAQMDAwQDBAgEBAgQCwkLEBAQEBAQEBAQEBAQEBAQEBAQEBAQEBAQEBAQEBAQEBAQEBAQEBAQEBAQEBAQEBAQEBD/wAARCAAZAHgDASIAAhEBAxEB/8QAHQAAAwACAgMAAAAAAAAAAAAAAAYHAgUBAwQICf/EADAQAAEDBAEDAwMEAAcAAAAAAAECAwQABQYREgcTIQgVMRQiQSMyUWEWM0JicZGx/8QAFQEBAQAAAAAAAAAAAAAAAAAAAAH/xAAWEQEBAQAAAAAAAAAAAAAAAAAAEQH/2gAMAwEAAhEDEQA/APqKpSUgqUQABsk/ivEbvFpecSyzdIi3FHSUJfSST/AG6V+ssh+L0uyR+M6tpxMJWloUQobIB0R8eKnmXenu23/CrDM6cRIFkyOHIhXJuY4+82HOCdqSpSORHIn+D8UXMq7UUidFspybLMGZnZgiF7tEkvwJK4ZUWnVNK48xyAI381mjMLwrrU5gZLHtaca91Gkfqd/6lLf7t/t4k+NUSHiio9cvUrjNqzefhMuyzO9DTJ4PJdbPdWw33FjhvkkEfBPgmtvdeuFst6kxY2PT5k6RHtzkOKhxtJkOTP8AKaClHSSPyToUFKoqEYf1vyNCr5bbjil1u16autwkG3IkMJXAt7CWQrayQlYCnPASSTyplyfqpNft8a44U6yWP8PSMhfXIa5cWu3+igjY0ruKSSP4SqhFSor1nw/1OP220m/5RlcDKrd7JCmSXbfAEMwrlIcaQ1CVtSgefcWQoka7Zpvb9TlmmWW33S24hcpTs2XIiLYD7SEtKZCFK06ohDhIWkpCSSfOvg0FpoqcSOstrXFuIYtc5tyLf28aClcQfqHI7LyXdb8JAkJBHztJ8UkYd17yKBZWk5Ri8mbFg4qi+vXUS2uclwrKePb8cfPjZ/8AKLF+oqN2T1HW/LrK25imJzrheXrnJtXtzcpkcFsx0PuOd4q7ZQG3EHwfJPH5rWYd1+lQsHiT71YrpeF2u1pu2RT0LaR7fHcffShSkkguEJYcJSgEgI/sURd6K4SpK0haTsEbBHwQaKBf6hY7KyzCrxjkJ1Db8+MpptS/2hXgjf8A1Shb711xt1vjW9PTWzuCMyhnn7ykcuKQN61+dVUKKLmwj9HMZv8Ai+Fph5RHYj3OXMkzZDDDvdQyXFkhAX+dDXn+6zyTpXbshy5nOGMnyCzXVqD7cpdskttpdY7gc4qC217+4DyNU60URMz6f8NXefeJNzvshvuyZCYLktJjJdfa7TrgSEA8lJ/3fPkAVhD9PmJRIsplzIMklSXkxEMTH5qFPw/pTtgsqDYCSj8bB/vdU+igmLXp+xSOyoxMhyVia89Idk3BuagSZKXwgOtLV29FCu2k6AB2PBFby2dLbBboN6tncdVEu8Rm3BtH2GPDabKENJPneuSjy/JPn4pyooECf0QwqdGjx+VxjGLbYttbdjyAleoxSqO8TxO3mynaVfjavB3XXfeillyW1RrVecryeSGUuNPPLmoUuW24QVIdSW+Ch9qdEJBGvB8ndDooJu70Gw5d7bvDFxvcdhEtif7c1LSIipLLaWkOqSUFRVwbQk/d/pFEvoHhUuEzbvq7wywzaRZwlqUkcmQsOIWSUn9RCgCD8fyDVIootTNjoHjMaO8WMkyZu5P3Ry7ruwmo+sL7kZEdwcu3x4KabQCOP42NeKxHp6wdEJi2R597YhCEi3TozcxIRc4yHFrS1J2jagC66PtKTpahv+KdRRAAANJHgeP+KKKKD//Z"}, "examDate": "2025-11-27", "reportId": "cmifw77pb0001kz04kj343j96", "doctorName": "Doc12"}	READ	2025-11-26 10:59:29.104	2025-11-26 10:59:50.399	Ron123456
\.

--
-- Data for Name: reports; Type: TABLE DATA; Schema: public; Owner: neondb_owner
--


COPY public.reports (id, protocol, title, "fileName", "fileUrl", status, "senderId", "receiverId", "sentAt", "receivedAt", "viewedAt", "notificationId") FROM stdin;
\.

--
-- PostgreSQL database dump complete
--